:020000040800F2
:10000000000002202D380008A12E0008A92E0008AB
:10001000B12E0008B92E0008C12E00080000000013
:10002000000000000000000000000000C92E0008D1
:10003000D72E000800000000E52E0008F32E00086F
:100040007D3800087D3800087D3800087D380008BC
:100050007D3800087D3800087D3800087D380008AC
:10006000FF2E00087D3800087D3800087D38000824
:100070007D3800087D3800087D3800087D3800088C
:100080007D3800087D3800087D3800080000000039
:100090000000000000000000000000007D380008A3
:1000A0007D3800087D3800087D3800087D3800085C
:1000B0007D3800087D3800080D2F00087D380008C5
:1000C0007D3800087D3800087D3800087D3800083C
:1000D0007D380008212F00087D380008000000004E
:1000E0007D3800087D3800087D38000800000000D9
:1000F0000000000000000000000000007D38000843
:10010000000000007D3800087D3800087D380008B8
:1001100000000000000000000000000000000000DF
:100120007D3800087D380008352F00087D3800082C
:100130007D38000800000000000000000000000002
:100140000000000000000000000000007D380008F2
:100150007D3800087D380008492F00087D380008E8
:100160007D3800087D380008000000000000000015
:10017000000000000000000000000000000000007F
:10018000000000007D3800080000000000000000B2
:080190007D3800087D380008ED
:1001A00010B5054C237833B9044B13B10448AFF3B1
:1001B00000800123237010BDFC010020000000001E
:1001C00090CF000808B5034B1BB103490348AFF3B8
:1001D000008008BD000000000002002090CF000851
:1001E00001F0FF01102A2BDB10F0070F08D010F8E8
:1001F000013B013A8B422DD010F0070F42B3F6D1EC
:10020000F0B441EA012141EA014122F007047FF004
:1002100000070023F0E80256083C85EA010586EA5B
:10022000010685FA47F5A3FA87F586FA47F6A5FA97
:1002300087F68EB9EED1F0BC01F0FF0102F00702A3
:1002400032B110F8013B013A83EA010313B1F8D14E
:100250000020704701387047002D06BF354603382F
:10026000073815F0010F07D1013015F4807F02BF68
:10027000013015F4C03F0130F0BC0138704700BFB9
:10028000034613F8012B002AFBD1181A01387047D6
:1002900081F0004102E000BF83F0004330B54FEA37
:1002A00041044FEA430594EA050F08BF90EA020FA4
:1002B0001FBF54EA000C55EA020C7FEA645C7FEA37
:1002C000655C00F0E2804FEA5454D4EB5555B8BF5A
:1002D0006D420CDD2C4480EA020281EA030382EACB
:1002E000000083EA010180EA020281EA0303362D5D
:1002F00088BF30BD11F0004F4FEA01314FF4801C30
:100300004CEA113102D0404261EB410113F0004F41
:100310004FEA03334CEA133302D0524263EB4303F8
:1003200094EA050F00F0A780A4F10104D5F1200E96
:100330000DDB02FA0EFC22FA05F2801841F10001F1
:1003400003FA0EF2801843FA05F359410EE0A5F1C5
:1003500020050EF1200E012A03FA0EFC28BF4CF0F6
:10036000020C43FA05F3C01851EBE37101F00045AC
:1003700007D54FF0000EDCF1000C7EEB00006EEBB9
:100380000101B1F5801F1BD3B1F5001F0CD3490843
:100390005FEA30004FEA3C0C04F101044FEA44529A
:1003A00012F5800F80F09A80BCF1004F08BF5FEA21
:1003B000500C50F1000041EB045141EA050130BD01
:1003C0005FEA4C0C404141EB0101013C28BFB1F513
:1003D000801FE9D291F0000F04BF01460020B1FA5E
:1003E00081F308BF2033A3F10B03B3F120020CDA31
:1003F0000C3208DD02F1140CC2F10C0201FA0CF00F
:1004000021FA02F10CE002F11402D8BFC2F1200C73
:1004100001FA02F120FA0CFCDCBF41EA0C01904029
:10042000E41AA2BF01EB0451294330BD6FEA040472
:100430001F3C1CDA0C340EDC04F11404C4F120025D
:1004400020FA04F001FA02F340EA030021FA04F36F
:1004500045EA030130BDC4F10C04C4F1200220FAC6
:1004600002F001FA04F340EA0300294630BD21FA04
:1004700004F0294630BD94F0000F83F4801306BFCA
:1004800081F480110134013D4EE77FEA645C18BFBE
:100490007FEA655C29D094EA050F08BF90EA020F55
:1004A00005D054EA000C04BF1946104630BD91EA4D
:1004B000030F1EBF0021002030BD5FEA545C05D150
:1004C0004000494128BF41F0004130BD14F580048F
:1004D0003CBF01F5801130BD01F0004545F0FE4103
:1004E00041F470014FF0000030BD7FEA645C1ABF38
:1004F000194610467FEA655C1CBF0B46024650EA6F
:10050000013406BF52EA033591EA030F41F400219A
:1005100030BD00BF90F0000F04BF0021704730B520
:100520004FF4806404F132044FF000054FF00001F5
:1005300050E700BF90F0000F04BF0021704730B5B6
:100540004FF4806404F1320410F0004548BF40428B
:100550004FF000013EE700BF42004FEAE2014FEAE0
:1005600031014FEA02701FBF12F07F4393F07F4FBB
:1005700081F06051704732F07F4208BF704793F0BE
:100580007F4F04BF41F40021704730B54FF46074D1
:1005900001F0004521F000411CE700BF50EA0102D4
:1005A00008BF704730B54FF000050AE050EA01027D
:1005B00008BF704730B511F0004502D5404261EBED
:1005C00041014FF4806404F132045FEA915C3FF42E
:1005D000D8AE4FF003025FEADC0C18BF03325FEACB
:1005E000DC0C18BF033202EBDC02C2F1200300FA7C
:1005F00003FC20FA02F001FA03FE40EA0E0021FAA1
:1006000002F11444BDE600BF70B54FF0FF0C4CF48E
:10061000E06C1CEA11541DBF1CEA135594EA0C0F40
:1006200095EA0C0F00F0DEF82C4481EA030621EA7B
:100630004C5123EA4C5350EA013518BF52EA0335B6
:1006400041F4801143F4801338D0A0FB02CE4FF068
:100650000005E1FB02E506F00042E0FB03E54FF098
:100660000006E1FB03569CF0000F18BF4EF0010E90
:10067000A4F1FF04B6F5007F64F5407404D25FEA8C
:100680004E0E6D4146EB060642EAC62141EA55513F
:100690004FEAC52040EA5E504FEACE2EB4F1FD0C81
:1006A00088BFBCF5E06F1ED8BEF1004F08BF5FEAFF
:1006B000500E50F1000041EB045170BD06F00046B1
:1006C00046EA010140EA020081EA0301B4EB5C045E
:1006D000C2BFD4EB0C0541EA045170BD41F4801156
:1006E0004FF0000E013C00F3AB8014F1360FDEBF7B
:1006F000002001F0004170BDC4F10004203C35DA57
:100700000C341BDC04F11404C4F1200500FA05F3D9
:1007100020FA04F001FA05F240EA020001F000427A
:1007200021F0004110EBD37021FA04F642EB0601F0
:100730005EEA430E08BF20EAD37070BDC4F10C041A
:10074000C4F1200500FA04F320FA05F001FA04F2DE
:1007500040EA020001F0004110EBD37041F10001CA
:100760005EEA430E08BF20EAD37070BDC4F12005D5
:1007700000FA05F24EEA020E20FA04F301FA05F23D
:1007800043EA020321FA04F001F0004121FA04F2E5
:1007900020EA020000EBD3705EEA430E08BF20EAB5
:1007A000D37070BD94F0000F0FD101F000464000EF
:1007B00041EB010111F4801F08BF013CF7D041EA71
:1007C000060195F0000F18BF704703F00046520075
:1007D00043EB030313F4801F08BF013DF7D043EA46
:1007E0000603704794EA0C0F0CEA135518BF95EAFC
:1007F0000C0F0CD050EA410618BF52EA4306D1D183
:1008000081EA030101F000414FF0000070BD50EAA1
:10081000410606BF1046194652EA430619D094EA2B
:100820000C0F02D150EA013613D195EA0C0F05D115
:1008300052EA03361CBF104619460AD181EA030169
:1008400001F0004141F0FE4141F470014FF0000021
:1008500070BD41F0FE4141F4780170BD70B54FF0BC
:10086000FF0C4CF4E06C1CEA11541DBF1CEA13553C
:1008700094EA0C0F95EA0C0F00F0A7F8A4EB05041E
:1008800081EA030E52EA03354FEA013100F0888015
:100890004FEA03334FF0805545EA131343EA1263DE
:1008A0004FEA022245EA111545EA10654FEA002693
:1008B0000EF000419D4208BF964244F1FD0404F54C
:1008C000407402D25B084FEA3202B61A65EB0305A8
:1008D0005B084FEA32024FF480104FF4002CB6EB65
:1008E000020E75EB030E22BFB61A754640EA0C00E5
:1008F0005B084FEA3202B6EB020E75EB030E22BF25
:10090000B61A754640EA5C005B084FEA3202B6EB65
:10091000020E75EB030E22BFB61A754640EA9C0024
:100920005B084FEA3202B6EB020E75EB030E22BFF4
:10093000B61A754640EADC0055EA060E18D04FEAB2
:10094000051545EA16754FEA06164FEAC30343EA52
:1009500052734FEAC2025FEA1C1CC0D111F4801F1F
:100960000BD141EA00014FF000004FF0004CB6E718
:1009700011F4801F04BF01430020B4F1FD0C88BFB7
:10098000BCF5E06F3FF6AFAEB5EB030C04BFB6EBC2
:10099000020C5FEA500C50F1000041EB045170BDB5
:1009A0000EF0004E4EEA113114EB5C04C2BFD4EBE2
:1009B0000C0541EA045170BD41F480114FF0000E66
:1009C000013C90E645EA060E8DE60CEA135594EAE2
:1009D0000C0F08BF95EA0C0F3FF43BAF94EA0C0FE5
:1009E0000AD150EA01347FF434AF95EA0C0F7FF45A
:1009F00025AF104619462CE795EA0C0F06D152EAAE
:100A000003353FF4FDAE1046194622E750EA410691
:100A100018BF52EA43067FF4C5AE50EA41047FF4A2
:100A20000DAF52EA43057FF4EBAE12E74FF0FF3C07
:100A300006E000BF4FF0010C02E000BF4FF0010CD8
:100A40004DF804CD4FEA410C7FEA6C5C4FEA430C51
:100A500018BF7FEA6C5C1BD001B050EA410C0CBFA0
:100A600052EA430C91EA030F02BF90EA020F002002
:100A7000704710F1000F91EA030F58BF994208BF69
:100A800090422CBFD8176FEAE37040F00100704726
:100A90004FEA410C7FEA6C5C02D150EA013C07D17D
:100AA0004FEA430C7FEA6C5CD6D152EA033CD3D0C8
:100AB0005DF8040B704700BF8446104662468C46C2
:100AC0001946634600E000BF01B5FFF7B7FF0028F5
:100AD00048BF10F1000F01BD4DF808EDFFF7F4FF1E
:100AE0000CBF012000205DF808FB00BF4DF808EDA9
:100AF000FFF7EAFF34BF012000205DF808FB00BFCC
:100B00004DF808EDFFF7E0FF94BF012000205DF8ED
:100B100008FB00BF4DF808EDFFF7CEFF94BF0120A2
:100B200000205DF808FB00BF4DF808EDFFF7C4FF9B
:100B300034BF012000205DF808FB00BF4FEA410CE4
:100B40007FEA6C5C02D150EA013C0AD14FEA430CC7
:100B50007FEA6C5C02D152EA033C02D14FF0000004
:100B600070474FF0010070474FEA410212F5001242
:100B700015D211D56FF47873B3EB625212D94FEAE4
:100B8000C12343F0004343EA505311F0004F23FACE
:100B900002F018BF404270474FF00000704750EA23
:100BA000013005D111F0004008BF6FF000407047E0
:100BB0004FF00000704700BF4A0011D212F500123A
:100BC00011D20DD56FF47873B3EB62520ED44FEAA5
:100BD000C12343F0004343EA505323FA02F0704725
:100BE0004FF00000704750EA013002D14FF0FF3063
:100BF00070474FF0000070474FEA4102B2F1E04306
:100C000024BFB3F5001CDCF1FE5C0DD901F0004CF3
:100C10004FEAC0024CEA5070B2F1004F40EB830043
:100C200008BF20F00100704711F0804F21D113F16F
:100C30003872BCBF01F00040704741F480114FEAA8
:100C40005252C2F11802C2F1200C10FA0CF320FA31
:100C500002F018BF40F001004FEAC1234FEAD3234E
:100C600003FA0CFC40EA0C0023FA02F34FEA4303B8
:100C7000CCE77FEA625307D150EA01331EBF4FF041
:100C8000FE4040F44000704701F0004040F0FE405C
:100C900040F40000704700BF53B94AB9002908BFAB
:100CA00000281CBF4FF0FF314FF0FF3000F0BEB9FD
:100CB000ADF1080C6DE904CE00F03CF8DDF804E07D
:100CC000DDE9022304B0704738B500220023044652
:100CD0000D46FFF70BFF28B920462946BDE83840EE
:100CE00000F00AB8204605F1004100F005F8404246
:100CF00061EB410138BD00BFD0B50C4B0022064668
:100D00000F46FFF781FCFFF757FF0446FFF702FC91
:100D1000074B0022FFF778FC02460B463046394667
:100D2000FFF7BAFAFFF748FF2146D0BD0000F03DBB
:100D30000000F0412DE9F047089D0F4604468C461F
:100D4000002B48D18A42164661D9B2FA82F34BB1E0
:100D5000C3F1200201FA03FC20FA02F29E4042EAAB
:100D60000C0C9C404FEA164EB7B2BCFBFEF1220CB5
:100D70000EFB11CC42EA0C4201FB07F0904209D96C
:100D8000B21801F1FF3C80F0EE80904240F2EB801F
:100D900002393244121AA4B2B2FBFEF00EFB10224A
:100DA00044EA024400FB07F7A74209D9341900F1CD
:100DB000FF3280F0DA80A74240F2D7803444023814
:100DC00040EA0140E41B00211DB1DC400023C5E9DD
:100DD0000043BDE8F0878B4206D90DB1C5E900019B
:100DE00000210846BDE8F087B3FA83F1002948D115
:100DF000BB4202D3824200F20781841A67EB0302EE
:100E000001209446002DE4D0C5E9004CE1E7002A1A
:100E100000F09280B2FA82F3002B40F0A8808A1A88
:100E20004FEA164E1FFA86FC0121200CB2FBFEF79A
:100E30000EFB172240EA02420CFB07F0904207D952
:100E4000B21807F1FF3802D2904200F2E280474622
:100E5000121AA4B2B2FBFEF00EFB102244EA0244C6
:100E60000CFB00FCA44507D9341900F1FF3202D273
:100E7000A44500F2CB801046A4EB0C0440EA0740E6
:100E8000A2E7C1F120068B4022FA06FC4CEA030CD3
:100E900007FA01F420FA06F3F7404FEA1C4923430E
:100EA00000FA01F81FFA8CFEB7FBF9F01C0C09FBE5
:100EB000107744EA074400FB0EF7A74202FA01F25A
:100EC0000AD91CEB040400F1FF3A80F09B80A74292
:100ED00040F2988002386444E41B9FB2B4FBF9F3FB
:100EE00009FB134447EA044403FB0EFEA64509D957
:100EF0001CEB040403F1FF3780F08280A6457FD904
:100F0000023B644443EA0040A4EB0E04A0FB02E76A
:100F1000BC427346B94663D360D05DB1B8EB0302FF
:100F200064EB090404FA06F622FA01F31E43CC40EE
:100F3000C5E9006400214CE76208480842EAC17133
:100F40000B0C43EA00438AB242EA0342B3FBF6F1D8
:100F5000E407B4463746B6461F23B0FBF6F0D21B73
:100F600041EA004161E7614614E7104628E7C3F112
:100F7000200120FA01F29E4027FA01F19F403A43F6
:100F80004FEA164E1FFA86FCB1FBFEF70EFB171058
:100F9000110C41EA004107FB0CF8884504FA03F400
:100FA0003AD9711807F1FF3001D288451FD8A1EB5B
:100FB0000801B1FBFEF808FB0CF70EFB181192B20A
:100FC00042EA0142BA422FD2B21808F1FF31C6D22A
:100FD000BA42C4D2A8F102013244C0E7F0459CD223
:100FE000BEEB020367EB0C070138B94695E7A6EBA9
:100FF00008084144B81EB1FBFEF808FB0CF7DCE71B
:101000003B467FE7504667E70846FBE63444023834
:1010100032E7023F32441BE7A1EB08013846B1FB3F
:10102000FEF808FB0CF7C8E7414698E7704700BF99
:1010300080B586B004AF03460A46FB711346BB7108
:101040000C4B1B781946FB799AB2022302930123B9
:101050000193BB1D00930123074803F0DBFC03460B
:10106000002B01D1012300E0002318460837BD46BC
:1010700080BD00BF00000020B404002080B586B011
:1010800004AF03463960FB711346BB800C4B1B78E1
:101090001946FB799AB202230293BB8801933B68FD
:1010A00000930123074803F0AFFD0346002B01D155
:1010B000012300E0002318460837BD4680BD00BF6D
:1010C00000000020B404002080B582B000AF0023EF
:1010D000FB7000237B602FE0314BD0221A70192067
:1010E00002F040FCFB1C012219460020FFF7C6FF5E
:1010F000FB78D12B08D02A4BD2221A70FB1C01227C
:1011000019460020FFF7BAFFFB78D12B18D0254BEA
:101110001B6A244A43F400131362052002F022FCE8
:10112000204B1B6A1F4A23F4001313621E4803F06E
:101130002DFB7B6801337B607B68042BCCDD00E0FA
:1011400000BFFB78D12B01D0002325E0B6217E2003
:10115000FFF76EFF0F2002F005FC11217E20FFF744
:1011600067FF052002F0FEFB15217E20FFF760FFE0
:10117000372002F0F7FB00214320FFF759FF082139
:101180004120FFF755FF28214020FFF751FF28217C
:101190004220FFF74DFF012318460837BD4680BDAA
:1011A0000000002000380240B404002080B588B060
:1011B00000AF786007F108030C2219460C20FFF7F6
:1011C0005DFF034683F00103DBB2002B01D0002357
:1011D0008DE07B7A1BB21B021AB23B7A1BB213431F
:1011E000FB83FB7A1BB21B021AB2BB7A1BB21343FE
:1011F000BB837B7B1BB21B021AB23B7B1BB213432C
:101200007B83FB7B1BB21B021AB2BB7B1BB213435B
:101210003B837B7C1BB21B021AB23B7C1BB2134389
:10122000FB82FB7C1BB21B021AB2BB7C1BB21343BA
:10123000BB82B7F91E3007EE903AF8EEE77A9FEDE1
:101240002E7A27EE877A2D4BD3ED007A77EE677AE8
:101250007B68C3ED007AB7F91C3007EE903AF8EEE0
:10126000E77A9FED257A27EE877A254BD3ED007A32
:1012700077EE677A7B68C3ED017AB7F91A3007EE2B
:10128000903AF8EEE77A9FED1C7A27EE877A1D4BAD
:10129000D3ED007A77EE677A7B68C3ED027AB7F90F
:1012A000183007EE903AF8EEE77A9FED177A67EE7E
:1012B000877A7B68C3ED037AB7F9163007EE903A68
:1012C000F8EEE77A9FED107A67EE877A7B68C3EDD8
:1012D000047AB7F9143007EE903AF8EEE77A9FED0A
:1012E0000A7A67EE877A7B68C3ED057A0123184690
:1012F0002037BD4680BD00BF90C1793D1802002057
:101300001C020020200200200000803980B58AB035
:1013100000AF0346FB804FF000037B624FF00003F9
:101320003B624FF00003FB61494B4FF000021A6033
:10133000484B4FF000021A60474B4FF000021A6012
:1013400000237B8357E007F108030C2219460C2089
:10135000FFF794FE0346002B47D07B7A1BB21B029B
:101360001AB23B7A1BB213433B83FB7A1BB21B02BC
:101370001AB2BB7A1BB21343FB827B7B1BB21B02EC
:101380001AB23B7B1BB21343BB82B7F9183007EE8E
:10139000903AF8EEE77A9FED317A67EE877A97ED2B
:1013A000097A77EE277AC7ED097AB7F9163007EE92
:1013B000903AF8EEE77A9FED297A67EE877A97ED13
:1013C000087A77EE277AC7ED087AB7F9143007EE76
:1013D000903AF8EEE77A9FED217A67EE877A97EDFB
:1013E000077A77EE277AC7ED077A052002F0BAFA76
:1013F0007B8B01337B837A8BFB889A42A3D3FB8858
:1014000007EE903AB8EE677AD7ED096AC6EE877AAA
:101410000F4BC3ED007AFB8807EE903AB8EE677A7F
:10142000D7ED086AC6EE877A0A4BC3ED007AFB88CF
:1014300007EE903AB8EE677AD7ED076AC6EE877A7C
:10144000054BC3ED007A00BF2837BD4680BD00BF05
:10145000180200201C0200202002002090C1793DCB
:1014600080B500AF00224FF48051084803F036F9F0
:1014700001224FF40051064803F030F9054B0322D6
:101480001A70054B00221A7000BF80BD0004024094
:1014900000080240240200203002002080B500AF86
:1014A00001224FF48051024803F018F900BF80BDBB
:1014B0000004024080B500AF00224FF48051044880
:1014C00003F00CF9034B00221A7000BF80BD00BF6F
:1014D000000402403002002080B582B000AF034615
:1014E000FB80FFF7DBFF02F031FA0246FB88134472
:1014F000044A1360044B01221A7000BF0837BD462E
:1015000080BD00BF2C0200203002002080B500AF5B
:1015100000224FF40051024803F0E0F800BF80BD04
:101520000008024080B500AF01224FF4005102488C
:1015300003F0D4F800BF80BD0008024080B500AFC2
:101540004FF40051024803F0E2F800BF80BD00BF35
:101550000008024080B582B000AF0346FB71094A23
:10156000FB791370FB79002B02D1FFF7DBFF04E05E
:10157000FB79012B01D1FFF7C9FF00BF0837BD463A
:1015800080BD00BF2402002080B582B000AF78602B
:101590004D4B1B78002B06D04C4B1B687A689A4247
:1015A00001D3FFF787FF4A4B1B78023B032B7ED802
:1015B00001A252F823F000BFC9150008E315000886
:1015C00013160008FB150008424B1B687A68D31AF3
:1015D000B3F5FA7F6DD3FFF7B1FF3E4A7B68136026
:1015E00067E03C4B1B687A68D31A632B63D9FFF71B
:1015F000A5FF384A7B6813605DE0364B1B687A684C
:10160000D31A312B59D9FFF799FF324A7B681360FF
:1016100053E0314B1B78002B0FD12E4B1B687A689F
:10162000D31AB3F5487F08D3FFF770FF294A7B68C8
:101630001360294B01221A7038E0274B1B78012BCD
:101640000ED1244B1B687A68D31A312B08D9FFF7C7
:1016500069FF204A7B6813601F4B02221A7025E045
:101660001D4B1B78022B0ED11A4B1B687A68D31ABC
:10167000632B08D9FFF74AFF164A7B681360164BA5
:1016800003221A7012E0144B1B78032B17D1114B55
:101690001B687A68D31A312B11D9FFF743FF0D4A23
:1016A0007B6813600C4B00221A7008E007E000BF53
:1016B00006E000BF04E000BF02E000BF00E000BFA2
:1016C00000BF0837BD4680BD300200202C0200203C
:1016D00024020020280200203102002080B582B0C0
:1016E00000AF00237B60104B1B6B0F4A43F4800359
:1016F00013630D4B1B6B03F480037B607B6800223C
:1017000001213A2002F02DFA3A2002F046FA002296
:101710000121462002F025FA462002F03EFA00BFE1
:101720000837BD4680BD00BF0038024080B500AF1D
:101730003C21054804F006FF3C21044804F002FF68
:1017400000F006F800BF80BD6C050020B405002045
:1017500080B400AF174B1B6800225A62164B1B68FF
:1017600000225A62154B00221A80154B00221A8063
:10177000144B00221A60134B00229A80114B4FF039
:1017800000029A600F4B4FF00002DA600E4B00220D
:101790001A600D4B00229A800B4B4FF000029A60AA
:1017A000094B4FF00002DA6000BFBD465DF8047BD4
:1017B000704700BF6C050020B405002054020020D3
:1017C00056020020340200204402002080B485B07C
:1017D00000AF87ED010AD7ED017A9FED427AF4EE72
:1017E000C77AF1EE10FA76D93F4B1B685B6AFB8132
:1017F0003E4B1B685B6ABB813D4B1B88FA89D31A41
:101800009BB27B813B4B1A88BB89D31A9BB23B812D
:10181000374AFB891380374ABB891380364A7B8954
:101820009380364A3B899380334B1A68B7F90A3064
:101830001344314A1360314B1A68B7F90830134426
:101840002E4A1360B7F90A3007EE903AF8EEE77ABD
:101850009FED2B7A67EE876A97ED017AC6EE877A5D
:10186000254BC3ED027AB7F9083007EE903AF8EE4F
:10187000E77A9FED237A67EE876A97ED017AC6EEE5
:10188000877A1E4BC3ED027A1B4BD3ED027AB5EE7D
:10189000007A27EE877A184BD3ED037AF6EE086AC2
:1018A00067EEA67A77EE277A134BC3ED037A134BD4
:1018B000D3ED027AB5EE007A27EE877A0F4BD3ED9F
:1018C000037AF6EE086A67EEA67A77EE277A0B4B74
:1018D000C3ED037A00E000BF1437BD465DF8047B1A
:1018E000704700BF17B7D1386C050020B405002041
:1018F000540200205602002034020020440200203E
:10190000DE36223980B400AF084B93ED037A084BE2
:10191000D3ED037A77EE277AB6EE007A67EE877A10
:10192000B0EE670ABD465DF8047B704734020020C4
:101930004402002080B584B000AF4FF480720021D3
:10194000244808F0CDFC244B00221A80234B0022AF
:101950001A70234B00221A7001F0F8FF0346214A47
:10196000D3600023FB60204B1B681B68FB601E4B91
:101970001B685B68FB60FB680023BB601A4B1B683D
:101980001B68BB60184B1B685B68BB60BB680023AF
:101990007B60154B1B681B687B60134B1B685B6887
:1019A0007B607B6800233B600F4B1B681B683B60C0
:1019B0000D4B1B685B683B603B680B4B00225A6415
:1019C0004FF480720349084805F0EAFD00BF103764
:1019D000BD4680BD5802002058030020AC04002002
:1019E000AD0400205C0400204406002080B586B0D1
:1019F00000AF78607B681B681F4A934238D1002390
:101A00007B617B681B681B687B617B681B685B680C
:101A10007B617B6900233B617B681B681B683B61C2
:101A20007B681B685B683B613B690023FB607B68EC
:101A30001B681B68FB607B681B685B68FB60FB685E
:101A40000023BB607B681B681B68BB607B681B68EE
:101A50005B68BB60BB687B6800225A647B6820229D
:101A600083F842204FF480720449786805F098FDAD
:101A700000BF1837BD4680BD00100140580200204D
:101A800080B58CB000AF786005227349786808F0A3
:101A90002FFC0346002B29D100233B617B680533D3
:101AA00007F110021146184607F006FD87ED050AFA
:101AB0004FF00003FB623B69002B0BD03B691B78A6
:101AC0002C2B07D13B6901330021184607F0F4FCA9
:101AD00087ED0B0A614A7B691360604AFB6A5360B9
:101AE00001F034FF03465D4AD360B0E005225C4953
:101AF000786808F0FDFB0346002B44D17B68053372
:101B0000FB60FB6807F10C021146184607F0D4FC95
:101B100087ED090AFB681B782C2B02D1FB68013387
:101B2000FB60FB6807F10C021146184607F0C4FC85
:101B300087ED080AFB681B782C2B02D1FB68013368
:101B4000FB60FB6807F10C021146184607F0B4FC75
:101B500087ED070AFB681B782C2B02D1FB68013349
:101B6000FB60FB680021184607F0A6FC87ED060A1B
:101B7000D7ED061A97ED071AD7ED080A97ED090A6F
:101B800000F056FD63E006223649786808F0B0FBA5
:101B90000346002B0CD17B6806330021184607F062
:101BA0008BFC87ED0A0A97ED0A0A00F07FFD4EE0F4
:101BB00006222D49786808F09BFB0346002B0BD1C9
:101BC0007B6806330A220021184607F053FD0346BE
:101BD000DAB2224B1A723AE007222449786808F0F8
:101BE00087FB0346002B10D17B6807330A220021B4
:101BF000184607F03FFD0346DAB2184BDA7201F0DF
:101C0000A5FE0346154AD36021E0062218497868EC
:101C100008F06EFB0346002B03D1104B01225A72D1
:101C200015E005221349786808F062FB0346002B93
:101C30000DD10A4B01229A72084B4FF000021A6034
:101C4000064B4FF000025A60044B0022DA7200BFCC
:101C50003037BD4680BD00BFA8CF00085C0400201F
:101C6000B0CF0008B8CF0008C0CF0008C8CF000828
:101C7000D0CF0008D8CF000880B586B000AF654B44
:101C80005B6C002B05D1634B93F84230DBB2202B09
:101C900038D10023FB605F4B1B681B68FB605D4B0A
:101CA0001B685B68FB60FB680023BB60594B1B68CB
:101CB0001B68BB60574B1B685B68BB60BB6800233D
:101CC0007B60544B1B681B687B60524B1B685B68D6
:101CD0007B607B6800233B604E4B1B681B683B604E
:101CE0004C4B1B685B683B603B684A4B00225A6464
:101CF000484B202283F842204FF4807246494548E1
:101D000005F04EFC434BDB6B1B685B68BB82BB8AF8
:101D1000B3F5807F04D8BB8AC3F580739BB200E023
:101D20000023FB82FB8AFF2B59D90023FB8256E05C
:101D30003A4B1B881A46384B9B5CFB74374B1B880D
:101D400001335A42DBB2D2B258BF53429AB2334B3C
:101D50001A80FB7C242B10D1314B01221A70314B9D
:101D600000221A702F4B1B785A1CD1B22D4A1170C9
:101D700019462D4AFB7C535431E0294B1B78002B2C
:101D80002DD0FB7C2A2B05D0FB7C0D2B02D0FB7CBD
:101D90000A2B0FD1234B1B781A46234B0021995451
:101DA0002148FFF76DFE1E4B00221A701D4B0022CA
:101DB0001A7014E01B4B1B783E2B0AD8194B1B786A
:101DC0005A1CD1B2174A11701946174AFB7C53545A
:101DD00005E0134B00221A70124B00221A700F4BB1
:101DE0001B88FA8A9A42A3D101F0B0FD02460F4B3C
:101DF000DB68D31AB3F57A7F07D90C4B4FF000029A
:101E00001A600A4B4FF000025A6000BF1837BD46F7
:101E100080BD00BF44060020580200205803002067
:101E2000AD040020AC0400206C0400205C04002001
:101E300080B400AF024B1846BD465DF8047B704786
:101E40005C0400202DE9F04F9DB00EAF87ED0B0A2A
:101E5000C7ED0A0A87ED091AC7ED081A034687ED90
:101E6000052AFB830B46BB831346FB762B4B93F86B
:101E70004130DBB2202B01D000234AE0F86AFEF7A4
:101E80006BFB04460D46B86AFEF766FB8046894642
:101E9000786AFEF761FB82468B46386AFEF75CFB88
:101EA000C7E90201B7F91E60B7F91C303B61FA7E41
:101EB0007A607869FEF750FB02460B46CDE90C23A9
:101EC0007A680A923B690993089697ED027B8DED3B
:101ED000067BCDE904ABCDE90289CDE90045104A86
:101EE0004FF480710F4808F0EFF878637B6B002B9C
:101EF0000EDD7B6BFF2B0BDC7B6B9BB21A4609491B
:101F0000064805F0D1FA0346002B01D1012300E079
:101F1000002318463C37BD46BDE8F08F440600203C
:101F2000E0CF00085C03002080B483B000AF87EDF1
:101F3000010A044A7B68136000BF0C37BD465DF898
:101F4000047B7047B004002080B586B000AF87EDF9
:101F5000030AC7ED020A87ED011AC7ED001AD7ED93
:101F6000010A97ED020A0AF091FEF0EE407A9FED29
:101F7000147A67EE877AC7ED057A97ED037AD7ED85
:101F8000007A27EE277A0F4BD3ED007A77EE277A87
:101F90009FED0D7A27EE877AD7ED057ADFED0B6A94
:101FA00067EEA67A77EE277A064BC3ED007A054BEB
:101FB0001B6807EE903AB0EE670A1837BD4680BD41
:101FC000E12E6542B004002048E17A3F00D7A33CEF
:101FD00080B58AB000AF07F1140300221A605A607E
:101FE0009A60DA601A6100233B613C4B1B6B3B4AF1
:101FF00043F004031363394B1B6B03F004033B6191
:102000003B690023FB60354B1B6B344A43F0800374
:102010001363324B1B6B03F08003FB60FB680023F0
:10202000BB602E4B1B6B2D4A43F0010313632B4BFC
:102030001B6B03F00103BB60BB6800237B60274B75
:102040001B6B264A43F002031363244B1B6B03F004
:1020500002037B607B6801224FF40051204802F0AC
:102060003DFB00224FF480511E4802F037FB4FF435
:1020700000537B610123BB610023FB6100233B62B2
:1020800007F114031946164802F0A4F904237B61F2
:102090004FF48813BB610023FB6107F11403194659
:1020A000104802F097F94FF480537B610123BB6124
:1020B0000023FB6100233B6207F114031946094822
:1020C00002F088F900220121082001F04AFD0820D1
:1020D00001F063FD00BF2837BD4680BD00380240D7
:1020E000000802400004024080B500AF124B134AC2
:1020F0001A60114B124A5A600F4B00229A600E4B25
:102100000022DA600C4B4FF480421A610A4B002225
:102110005A61094B00229A61074B0022DA61064B93
:1021200000221A62044802F031FB0346002B01D062
:1021300000F036F900BF80BDB40400200054004018
:10214000801A060080B58AB000AF786007F11403EA
:1021500000221A605A609A60DA601A617B681B6814
:10216000194A93422CD100233B61184B1B6B174A31
:1021700043F002031363154B1B6B03F002033B6137
:102180003B694FF440737B611223BB610123FB6108
:1021900003233B6204237B6207F1140319460C48B6
:1021A00002F018F90023FB60084B1B6C074A43F44C
:1021B00000131364054B1B6C03F40013FB60FB68F6
:1021C00000BF2837BD4680BD0054004000380240A3
:1021D0000004024080B582B000AF01F051FB00F076
:1021E00053F8FFF7F5FEFFF779FAFFF77DFF00F0F0
:1021F0008DFF01F051F801F0A3F801F0F5F801F0BE
:1022000035FA00F0D1FB1F4803F08AFF00237B6002
:10221000FFF732FD01F09AFB03461846FFF7B4F9C9
:1022200001F094FB02467B68D31A312BF0D901F000
:102230008DFB786000F002FE38603B68D3ED017AD8
:102240003B6893ED027A3B68D3ED036A3B6893EDFC
:10225000046A3B68B3F918003B68B3F91A103B688D
:102260001A783B68D3ED075AB0EE652AF0EE461AAD
:10227000B0EE661AF0EE470AB0EE670AFFF7E2FD2D
:10228000C6E700BFFC05002080B594B000AF07F1A1
:10229000200330220021184608F022F807F10C0331
:1022A00000221A605A609A60DA601A610023BB60EB
:1022B000274B1B6C264A43F080531364244B1B6C42
:1022C00003F08053BB60BB6800237B60214B1B681D
:1022D000204A43F4404313601E4B1B6803F4404301
:1022E0007B607B6801233B624FF480337B62022377
:1022F000BB634FF48003FB6319233B64C8237B64F7
:102300000223BB640423FB6407F12003184603F097
:1023100061FA0346002B01D000F042F80F23FB6066
:1023200002233B6100237B614FF48053BB61002398
:10233000FB6107F10C030321184603F0C3FC0346BD
:10234000002B01D000F02CF800BF5037BD4680BDF7
:10235000003802400070004080B582B000AF786065
:10236000391D0A230122044805F012F87B6818463B
:102370000837BD4680BD00BF4406002080B582B04E
:1023800000AF78607B681B68044A934201D100F07B
:1023900065FB00BF0837BD4680BD00BF0008004098
:1023A00080B400AF72B600BF00BFFDE780B500AFDC
:1023B0000021114803F070FF04210F4803F06CFF67
:1023C00008210D4803F068FF0C210B4803F064FF5F
:1023D000094B1B685A6C084B1B6842F400425A6454
:1023E000054B1B681A68044B1B6842F001021A6017
:1023F00000F080F800BF80BD2405002080B483B0C9
:1024000000AF03460A46FB801346BB80B7F906308F
:1024100040F6C312934202DD40F6C313FB80B7F9C6
:102420000630324A934202DA4FF23D63FB80B7F93D
:10243000043040F6C312934202DD40F6C313BB8062
:10244000B7F90430294A934202DA4FF23D63BB8068
:10245000B7F90630002B08DDFA88254B1B685A6354
:10246000234B1B6800229A6316E0B7F90630002B55
:102470000ADA1F4B1B6800225A63FB885B429AB240
:102480001B4B1B689A6307E0194B1B6800225A63B9
:10249000174B1B6800229A63B7F90430002B08DD44
:1024A000BA88134B1B68DA63114B1B6800221A644D
:1024B00016E0B7F90430002B0ADA0D4B1B68002236
:1024C000DA63BB885B429AB2094B1B681A6407E067
:1024D000074B1B680022DA63054B1B6800221A6455
:1024E00000BF0C37BD465DF8047B70473DF6FFFF2B
:1024F0002405002080B400AF0A4B1B6800225A63F9
:10250000084B1B6800229A63064B1B680022DA63A3
:10251000044B1B6800221A6400BFBD465DF8047BB3
:10252000704700BF2405002080B500AF2A4B1B6810
:102530005A6C294B1B6842F400425A64264B1B68B4
:102540001A68254B1B6842F001021A604FF4FA70BA
:1025500001F008FAFEF7A2FF642001F003FAFEF78B
:10256000A9FF4FF4967001F0FDF900214FF4C86007
:10257000FFF744FF4FF4167001F0F4F9FFF7BAFFCC
:10258000FEF78CFF322001F0EDF9FEF793FFFA2001
:1025900001F0E8F94FF4C8610020FFF72FFF4FF476
:1025A000167001F0DFF9FFF7A5FFFEF777FF3C207B
:1025B00001F0D8F9FEF77EFF3C2001F0D3F9FEF7D9
:1025C0006DFF3C2001F0CEF9FEF774FF4FF49670DA
:1025D00001F0C8F900BF80BD2405002080B400AF21
:1025E0000C4B0D4A1A600B4B0C4A5A600C4B0D4AAF
:1025F0001A600B4B0C4A5A60094B4FF000029A606C
:102600000A4B4FF000021A6000BFBD465DF8047B24
:10261000704700BF080500200000AF4300000841DC
:102620001005002000002040CDCC4C3E1C050020B1
:1026300080B485B000AF87ED030AC7ED020A87EDCD
:10264000011AC7ED001AD7ED037AF5EEC07AF1EE64
:1026500010FA02DB134AFB681360D7ED027AF5EE3D
:10266000C07AF1EE10FA02DB0E4ABB685360D7ED78
:10267000017AF5EEC07AF1EE10FA02DB0A4A7B68C5
:102680001360D7ED007AF5EEC07AF1EE10FA00DAB9
:1026900002E0054A3B68536000BF1437BD465DF851
:1026A000047B7047080500201005002080B483B02B
:1026B00000AF87ED010A044A7B68136000BF0C3746
:1026C000BD465DF8047B70471C05002080B489B0CE
:1026D00000AF87ED030AC7ED020A034687ED001A33
:1026E000FB7197ED037AD7ED027A77EE677AC7ED43
:1026F000067A354B93ED027A334BD3ED016AD7ED71
:10270000067A66EEA76AD7ED007A66EEA77A77EECC
:10271000277A2D4BC3ED027A2B4BD3ED027AB2EE22
:10272000047AF4EEC77AF1EE10FA03DD264B274A5D
:102730009A600CE0244BD3ED027ABAEE047AF4EE00
:10274000C77AF1EE10FA02D51F4B214A9A601E4B50
:1027500093ED007AD7ED067A27EE277A1A4BD3ED60
:10276000027A77EE277AC7ED077AFB79002B01D042
:10277000184B01E04FF082437B6197ED077AD7ED6C
:10278000057AB4EEE77AF1EE10FA02DD7B69FB61BF
:1027900010E0D7ED057AF1EE677A97ED077AB4EE9F
:1027A000E77AF1EE10FA05D5D7ED057AF1EE677A02
:1027B000C7ED077AFB6907EE903AB0EE670A243757
:1027C000BD465DF8047B70471005002000002041E5
:1027D000000020C10000704180B487B000AF87EDD9
:1027E000030AC7ED020A87ED011A144B93ED007A34
:1027F000D7ED037A37EE277AD7ED027A77EE677A4C
:10280000C7ED057A0E4B93ED007AD7ED057A27EEEA
:10281000277A0B4BD3ED016AD7ED017A66EEA77AE2
:1028200077EE677AC7ED047A3B6907EE903AB0EE2F
:10283000670A1C37BD465DF8047B70471C05002005
:102840000805002080B485B000AF87ED010AC7ED10
:10285000000A104BFB60D7ED007AB0EEE77AD7EDB7
:10286000037A67EE277AB7EE007A37EE877AF7EECB
:10287000006AC6EE877AC7ED027A97ED017AD7ED46
:10288000027A67EE277AB0EE670A1437BD465DF824
:10289000047B70479A99993F80B485B000AF87ED6B
:1028A000010A03460A467B8013463B80D7ED017A36
:1028B000B7EE007AF4EEC77AF1EE10FA28DDB7F938
:1028C000023007EE903AF8EEE77A97ED017A77EE6C
:1028D000277AC7ED037AB7F9003007EE903AF8EEA1
:1028E000E77A97ED037AB4EEE77AF1EE10FA07DDB6
:1028F000B7F9003007EE903AF8EEE77AC7ED037AC1
:10290000D7ED037AFDEEE77A17EE903A1BB236E088
:10291000D7ED017ABFEE007AF4EEC77AF1EE10FA45
:102920002CD5B7F9023007EE903AF8EEE77A97ED3A
:10293000017A77EE677AC7ED027AB7F9003007EED1
:10294000903AF8EEE77AF1EE677A97ED027AB4EE14
:10295000E77AF1EE10FA09D5B7F9003007EE903AB0
:10296000F8EEE77AF1EE677AC7ED027AD7ED027AF0
:10297000FDEEE77A17EE903A1BB200E0002318460E
:102980001437BD465DF8047B7047000080B400AF8B
:10299000044B4FF000029A6000BFBD465DF8047B17
:1029A000704700BF1005002080B588B000AFFEF76B
:1029B00057FDFFF7FBFCFFF79DFDFEF7B7FEFFF7A6
:1029C0000DFEFFF7B1FDFEF77FFB034683F0010329
:1029D000DBB2002B08D01F4B06221A700520FEF731
:1029E000B9FDFEF75BFD31E01A4B01221A7003209E
:1029F000FEF7B0FD6420FEF76FFD4FF4FA70FEF7AE
:102A000085FC3B1D1846FEF7D1FBD7ED047A97ED08
:102A1000067AF0EE470AB0EE670A0AF037F9F0EEF0
:102A2000407A9FED0D7A67EE877AC7ED077A97EDCA
:102A3000070AFFF779FA074B02221A700220FEF705
:102A400089FDC820FEF748FDFEF774FF2037BD461C
:102A500080BD00BF04000020E12E654280B592B029
:102A600000AFAE4B1B6A0133AC4A1362AB4B1B7811
:102A7000062B02D1FFF73EFDD8E13B1D1846FEF7BD
:102A800095FB034683F00103DBB2002B0AD0A34B76
:102A900006221A700520FEF75DFDFEF7FFFCFFF72A
:102AA00029FDC3E1D7ED027A97ED047AD7ED066AE6
:102AB000DFED9B1AB0EE661AF0EE470AB0EE670A39
:102AC000FFF742FAF0EE407A944BC3ED017ABB680F
:102AD000924A93609FED920AFEF778FEFEF712FF8E
:102AE000F0EE407A8D4BC3ED037AFFF7A1F9F8635E
:102AF000FB6B9B7A002B08D0884B05221A70FB6B6E
:102B000000229A72FB6B0022DA72FB6B1B68834A0D
:102B10001361FB6B5B68814A5361FB6BDB7A002BB3
:102B20000DD07E4B1B78072B1BD07C4B07221A70D5
:102B30000320FEF70FFD3C20FEF7CEFC11E0774BA3
:102B40001B78072B0DD1754B02221A70FFF7D2FCB0
:102B5000724B00221A83714B00225A830220FEF727
:102B6000F9FC6E4B1B78072B40F087800023A7F8F9
:102B700046306A4BD3ED047AF0EEE77A9FED697A3E
:102B8000F4EEC77AF1EE10FA2ADD644BD3ED047A45
:102B9000F5EEC07AF1EE10FA11DD604BD3ED047A58
:102BA0009FED617A67EE877AFDEEE77A17EE903A4D
:102BB0001BB29BB2FA339BB2A7F8463010E0574BDA
:102BC000D3ED047A9FED587A67EE877AFDEEE77AC7
:102BD00017EE903A1BB29BB2FA3B9BB2A7F8463075
:102BE0004E4BD3ED057AFDEEE77A17EE903AFB8374
:102BF000B7F84620FB8B13449BB2A7F84430B7F8D4
:102C00004620FB8BD31A9BB2A7F84230B7F9443069
:102C100040F6C312934203DD40F6C313A7F84430D5
:102C2000B7F94430414A934203DA4FF23D63A7F8C3
:102C30004430B7F9423040F6C312934203DD40F608
:102C4000C313A7F84230B7F94230384A934203DA47
:102C50004FF23D63A7F84230304AB7F8443013834F
:102C60002E4AB7F842305383B7F94220B7F94430BF
:102C700011461846FFF7C2FBD8E0284BD3ED017A86
:102C8000F0EEE77A9FED2A7AF4EEC77AF1EE10FAC9
:102C900019DDFFF72FFCFFF779FE204B00221A8386
:102CA0001E4B00225A831D4B1B78052B00F0BD8064
:102CB0001A4B05221A700520FEF74CFC4FF4967053
:102CC000FEF70AFCB1E0154B1B78022B03D0134B27
:102CD0001B78052B2ED1114BD3ED017AF0EEE77A5C
:102CE000B2EE0E7AF4EEC77AF1EE10FA13D5FB6B62
:102CF0001B7A002B01D0042200E00322074B1A703C
:102D0000FFF744FEFEF724FD0420FEF723FC5020CD
:102D1000FEF7E2FB0EE0FFF7EDFB87E0040000208A
:102D20000AD7A33B0AD7233C0080BB443DF6FFFFF4
:102D3000000034423F4B1B78032B03D03D4B1B78E4
:102D4000042B73D1FB6B1B683A4A1361FB6B5B6806
:102D5000384A5361374B1B78042B0CBF01230023E7
:102D6000DBB287F83B30334BD3ED047A314B93ED34
:102D7000037A97F83B309FED301A1846F0EE470A79
:102D8000B0EE670AFFF7A2FC87ED0D0A294BD3EDE1
:102D9000017A284B93ED027AB0EE471AF0EE670AFB
:102DA00097ED0D0AFFF718FD87ED0C0A214BD3EDC7
:102DB000057A204B93ED037AF0EE470AB0EE670AEE
:102DC000FFF740FD87ED0B0A97ED0C7AD7ED0B7AF4
:102DD00077EE277AC7ED0A7A97ED0C7AD7ED0B7A62
:102DE00077EE677AC7ED097A40F6C311FA2097EDBE
:102DF0000A0AFFF751FD03467B8440F6C311FA200F
:102E000097ED090AFFF748FD03463B84094A7B8C8E
:102E10001383084A3B8C5383B7F92020B7F922303B
:102E200011461846FFF7EAFA00E000BF4837BD46F2
:102E300080BD00BF040000200AD7A33B80B400AFD0
:102E4000024B1846BD465DF8047B70470400002025
:102E500080B483B000AF00237B60104B5B6C0F4AE3
:102E600043F4804353640D4B5B6C03F480437B60FD
:102E70007B6800233B60094B1B6C084A43F080537E
:102E80001364064B1B6C03F080533B603B6800BF30
:102E90000C37BD465DF8047B704700BF0038024028
:102EA00080B400AF00BFFDE780B400AF00BFFDE716
:102EB00080B400AF00BFFDE780B400AF00BFFDE706
:102EC00080B400AF00BFFDE780B400AF00BFBD46D7
:102ED0005DF8047B704780B400AF00BFBD465DF86D
:102EE000047B704780B400AF00BFBD465DF8047B33
:102EF000704780B500AF00F015FD00BF80BD80B504
:102F000000AF042001F01EFC00BF80BD80B500AF03
:102F1000024803F0A5FB00BF80BD00BFFC050020F8
:102F200080B500AF024804F061FB00BF80BD00BF68
:102F30004406002080B500AF024800F0E1FF00BF6A
:102F400080BD00BF8C06002080B500AF024800F0B5
:102F5000D7FF00BF80BD00BFEC06002080B400AFEB
:102F600001231846BD465DF8047B704780B582B0EA
:102F700000AF7860396007F017FA034616221A602E
:102F80004FF0FF3318460837BD4680BD80B582B08C
:102F900000AF78604FF0FF317868FFF7E7FF00BFC0
:102FA000FDE780B586B000AFF860B9607A600023B5
:102FB0007B610AE0AFF300800146BB685A1CBA602F
:102FC000CAB21A707B6901337B617A697B689A4265
:102FD000F0DB7B6818461837BD4680BD80B586B0EB
:102FE00000AFF860B9607A6000237B6109E0BB68DC
:102FF0005A1CBA601B781846FFF7AEF97B6901339B
:103000007B617A697B689A42F1DB7B6818461837E6
:10301000BD4680BD80B483B000AF78604FF0FF3311
:1030200018460C37BD465DF8047B704780B483B00A
:1030300000AF786039603B684FF400525A6000235B
:1030400018460C37BD465DF8047B704780B483B0EA
:1030500000AF7860012318460C37BD465DF8047B4D
:10306000704780B485B000AFF860B9607A60002323
:1030700018461437BD465DF8047B704780B586B0AE
:1030800000AF7860144A154BD31A7B617B693B61B2
:10309000134B1B68002B02D1114B124A1A60104BC4
:1030A0001A687B6813443A699A4207D207F07CF9A0
:1030B00003460C221A604FF0FF3309E0084B1B68EF
:1030C000FB60074B1A687B681344054A1360FB6872
:1030D00018461837BD4680BD0000022000040000DD
:1030E00020050020A008002080B400AF064BD3F8D4
:1030F0008830054A43F47003C2F8883000BFBD46EB
:103100005DF8047B704700BF00ED00E080B596B02D
:1031100000AF07F1480300221A605A609A60DA6033
:1031200007F1400300221A605A6007F124030022CD
:103130001A605A609A60DA601A615A619A613B1D9E
:1031400020220021184607F0CBF8514B514A1A6053
:103150004F4B00225A604E4B20229A604C4B40F657
:10316000C312DA604A4B00221A61494B00225A61AD
:10317000474B80229A61464802F082FF0346002BAB
:1031800001D0FFF70DF94FF48053BB6407F14803FA
:1031900019463F4803F016FC0346002B01D0FFF709
:1031A000FFF83B4803F01EF80346002B01D0FFF761
:1031B000F7F800233B6400237B6407F140031946C2
:1031C000334803F0C1FF0346002B01D0FFF7E8F8B6
:1031D00060237B620023BB620023FB6200233B630E
:1031E00000237B630023BB630023FB6307F12403FD
:1031F00000221946264803F023FB0346002B01D08A
:10320000FFF7CEF807F1240304221946204803F003
:1032100017FB0346002B01D0FFF7C2F807F1240388
:10322000082219461A4803F00BFB0346002B01D075
:10323000FFF7B6F807F124030C221946144803F0EF
:10324000FFFA0346002B01D0FFF7AAF800237B60AA
:103250000023BB600023FB6000233B6100237B61F4
:103260004FF40053BB614FF480433B623B1D194652
:10327000074803F0D7FF0346002B01D0FFF790F873
:10328000034800F0B9F900BF5837BD4680BD00BF04
:10329000240500200000014080B58CB000AF07F18C
:1032A0000C0324220021184607F01AF83B1D0022C7
:1032B0001A605A60214B4FF080421A601F4B002267
:1032C0005A601E4B00229A601C4B4FF6FF72DA6068
:1032D0001A4B00221A61194B00229A610323FB60EA
:1032E00000233B6101237B610023BB610623FB615B
:1032F00000233B6201237B620023BB620623FB6247
:1033000007F10C0319460D4803F076F80346002B2D
:1033100001D0FFF745F800237B600023BB603B1D15
:103320001946064803F010FF0346002B01D0FFF7B3
:1033300037F800BF3037BD4680BD00BF6C050020A8
:1033400080B58CB000AF07F10C0324220021184691
:1033500006F0C6FF3B1D00221A605A60204B214A2E
:103360001A601F4B00225A601D4B00229A601C4BB2
:103370004FF6FF72DA601A4B00221A61184B0022D6
:103380009A610323FB6000233B6101237B610023DF
:10339000BB610623FB6100233B6201237B620023A8
:1033A000BB620623FB6207F10C0319460C4803F0CD
:1033B00023F80346002B01D0FEF7F2FF00237B60C9
:1033C0000023BB603B1D1946054803F0BDFE0346C4
:1033D000002B01D0FEF7E4FF00BF3037BD4680BDB3
:1033E000B40500200004004080B586B000AF07F1AE
:1033F000080300221A605A609A60DA603B46002295
:103400001A605A601D4B1E4A1A601C4B63225A6098
:103410001A4B00229A60194B41F28732DA60174B3F
:1034200000221A61154B80229A61144802F028FE8E
:103430000346002B01D0FEF7B3FF4FF48053BB606F
:1034400007F1080319460D4803F0BCFA0346002BA8
:1034500001D0FEF7A5FF00233B6000237B603B46C5
:103460001946064803F070FE0346002B01D0FEF714
:1034700097FF00BF1837BD4680BD00BFFC05002088
:103480000008004080B584B000AF78607B681B689E
:10349000184A93420ED10023FB60174B5B6C164A0F
:1034A00043F001035364144B5B6C03F00103FB60B6
:1034B000FB681AE07B681B68104A934215D1002311
:1034C000BB600D4B1B6C0C4A43F0040313640A4BA6
:1034D0001B6C03F00403BB60BB68002200211E20AC
:1034E00000F03FFB1E2000F058FB00BF1037BD4628
:1034F00080BD00BF000001400038024000080040CD
:1035000080B58CB000AF786007F11C0300221A6010
:103510005A609A60DA601A617B681B68B3F1804F69
:103520002CD10023BB61304B1B6C2F4A43F00103AD
:1035300013642D4B1B6C03F00103BB61BB690023BB
:103540007B61294B1B6B284A43F001031363264B15
:103550001B6B03F001037B617B690323FB61022387
:103560003B6200237B620023BB620123FB6207F105
:103570001C0319461D4800F02DFF30E07B681B68D6
:103580001B4A93422BD100233B61174B1B6C164AFD
:1035900043F002031364144B1B6C03F002033B6102
:1035A0003B690023FB60104B1B6B0F4A43F0020387
:1035B00013630D4B1B6B03F00203FB60FB683023AE
:1035C000FB6102233B6200237B620023BB62022378
:1035D000FB6207F11C031946064800F0FBFE00BF22
:1035E0003037BD4680BD00BF0038024000000240B9
:1035F000000400400004024080B588B000AF78604D
:1036000007F10C0300221A605A609A60DA601A61AE
:103610007B681B68124A93421ED10023BB60114B8A
:103620001B6B104A43F0010313630E4B1B6B03F03B
:103630000103BB60BB684FF47063FB6002233B6116
:1036400000237B610323BB610123FB6107F10C03B2
:103650001946054800F0BEFE00BF2037BD4680BDBC
:1036600000000140003802400000024080B500AF79
:10367000114B124A1A60104B4FF4E1325A600E4B54
:1036800000229A600C4B0022DA600B4B00221A6178
:10369000094B0C225A61084B00229A61064B00220A
:1036A000DA61054803F024FE0346002B01D0FEF743
:1036B00077FE00BF80BD00BF44060020001001401F
:1036C00080B58AB000AF786007F1140300221A6059
:1036D0005A609A60DA601A617B681B684C4A9342B0
:1036E00040F0918000233B614A4B5B6C494A43F0B8
:1036F00010035364474B5B6C03F010033B613B6961
:103700000023FB60434B1B6B424A43F002031363ED
:10371000404B1B6B03F00203FB60FB68C0237B6123
:103720000223BB610023FB6103233B6207237B620F
:1037300007F114031946384800F04CFE374B384A5D
:103740001A60364B4FF000625A60344B00229A6088
:10375000324B0022DA60314B4FF480621A612F4BFA
:1037600000225A612D4B00229A612C4B4FF480723B
:10377000DA612A4B00221A62284B00225A6227483B
:1037800000F026FA0346002B01D0FEF709FE7B6805
:10379000224ADA63214A7B689363224B224A1A60E9
:1037A000204B4FF000625A601E4B40229A601D4B26
:1037B0000022DA601B4B4FF480621A61194B002221
:1037C0005A61184B00229A61164B0022DA61154BA0
:1037D00000221A62134B00225A62124800F0F8F9D4
:1037E0000346002B01D0FEF7DBFD7B680D4A9A6390
:1037F0000C4A7B68936300220121252000F0B1F977
:10380000252000F0CAF900BF2837BD4680BD00BFA3
:103810000010014000380240000402408C060020E5
:1038200040640240EC060020B8640240DFF834D067
:10383000FFF75AFC0C480D490D4A002302E0D4580A
:10384000C4500433C4188C42F9D30A4A0A4C0023EA
:1038500001E013600432A242FBD306F0ABFDFEF799
:10386000B9FC70470000022000000020FC0100208D
:1038700098D40008FC0100209C080020FEE700000E
:1038800080B500AF0E4B1B680D4A43F40073136004
:103890000B4B1B680A4A43F480631360084B1B6898
:1038A000074A43F480731360032000F04FF90F20A0
:1038B00000F008F8FFF7CCFA0023184680BD00BFDF
:1038C000003C024080B582B000AF7860124B1A68AD
:1038D000124B1B7819464FF47A73B3FBF1F3B2FB2A
:1038E000F3F3184600F067F90346002B01D00123DB
:1038F0000EE07B680F2B0AD8002279684FF0FF306A
:1039000000F02FF9064A7B681360002300E00123D2
:1039100018460837BD4680BD280000203000002032
:103920002C00002080B400AF064B1B781A46064BD3
:103930001B681344044A136000BFBD465DF8047B56
:10394000704700BF300000204C07002080B400AF5B
:10395000034B1B681846BD465DF8047B704700BFEB
:103960004C07002080B584B000AF7860FFF7EEFF11
:10397000B8607B68FB60FB68B3F1FF3F05D00A4B82
:103980001B781A46FB681344FB6000BFFFF7DEFF9D
:103990000246BB68D31AFA689A42F7D800BF00BF44
:1039A0001037BD4680BD00BF3000002080B485B018
:1039B00000AF78607B6803F00703FB600C4BDB68AB
:1039C000BB60BA684FF6FF031340BB60FB681A0286
:1039D000BB68134343F0BF6343F40033BB60044A46
:1039E000BB68D36000BF1437BD465DF8047B7047E9
:1039F00000ED00E080B400AF044BDB681B0A03F06D
:103A000007031846BD465DF8047B704700ED00E0F3
:103A100080B483B000AF0346FB7197F90730002BE9
:103A20000BDBFB7903F01F02074997F907305B09AD
:103A3000012000FA02F241F8232000BF0C37BD46F6
:103A40005DF8047B704700BF00E100E080B483B004
:103A500000AF03463960FB7197F90730002B0ADB92
:103A60003B68DAB20C4997F907301201D2B20B4425
:103A700083F800230AE03B68DAB20849FB7903F0D7
:103A80000F03043B1201D2B20B441A7600BF0C376D
:103A9000BD465DF8047B704700E100E000ED00E00A
:103AA00080B489B000AFF860B9607A60FB6803F059
:103AB0000703FB61FB69C3F10703042B28BF042341
:103AC000BB61FB690433062B02D9FB69033B00E0B1
:103AD00000237B614FF0FF32BB6902FA03F3DA4344
:103AE000BB681A407B699A404FF0FF317B6901FA4D
:103AF00003F3D9437B680B40134318462437BD4674
:103B00005DF8047B7047000080B582B000AF78603C
:103B10007B68013BB3F1807F01D301230FE00A4AA8
:103B20007B68013B53600F214FF0FF30FFF78EFFA2
:103B3000054B00229A60044B07221A6000231846A6
:103B40000837BD4680BD00BF10E000E080B582B000
:103B500000AF78607868FFF729FF00BF0837BD46DF
:103B600080BD80B586B000AF0346B9607A60FB7354
:103B700000237B61FFF73EFF78617A68B968786956
:103B8000FFF78EFF024697F90F3011461846FFF7F0
:103B90005DFF00BF1837BD4680BD80B582B000AF65
:103BA0000346FB7197F907301846FFF731FF00BF56
:103BB0000837BD4680BD80B582B000AF78607868B8
:103BC000FFF7A2FF034618460837BD4680BD000038
:103BD00080B586B000AF786000237B61FFF7B6FE4A
:103BE00038617B68002B01D1012399E07B680222B8
:103BF00083F835207B68002283F834207B681B68BB
:103C00001A687B681B6822F001021A600FE0FFF758
:103C10009DFE02463B69D31A052B08D97B682022FA
:103C20005A657B68032283F83520032378E07B689C
:103C30001B681B6803F00103002BE8D17B681B683D
:103C40001B687B617A69384B13407B617B685A68DB
:103C50007B689B681A437B68DB681A437B681B6937
:103C60001A437B685B691A437B689B691A437B68CC
:103C7000DB691A437B681B6A13437A6913437B61D0
:103C80007B685B6A042B07D17B68DA6A7B681B6BF5
:103C900013437A6913437B617B681B687A691A60F6
:103CA0007B681B685B697B617B6923F007037B6131
:103CB0007B685B6A7A6913437B617B685B6A042B70
:103CC00017D17B689B6A7A6913437B617B68DB6AE7
:103CD000002B0ED0786800F001FB0346002B08D0C3
:103CE0007B6840225A657B68012283F835200123D6
:103CF00016E07B681B687A695A61786800F0B8FA48
:103D00000346FB607B68DB6D3F229A40FB689A604C
:103D10007B6800225A657B68012283F835200023E6
:103D200018461837BD4680BD3F8010F080B586B07C
:103D300000AFF860B9607A603B600023FB75FB68F8
:103D40009B6D3B61FB6893F83430012B01D102235A
:103D500040E0FB68012283F83420FB6893F835309B
:103D6000DBB2012B2FD1FB68022283F83520FB68E0
:103D700000225A653B687A68B968F86800F04AFA28
:103D8000FB68DB6D3F229A403B699A60FB681B68C9
:103D90001A68FB681B6842F016021A60FB681B6C0D
:103DA000002B07D0FB681B681A68FB681B6842F091
:103DB00008021A60FB681B681A68FB681B6842F0FF
:103DC00001021A6005E0FB68002283F83420022318
:103DD000FB75FB7D18461837BD4680BD80B584B0A5
:103DE00000AF78607B689B6DFB60FFF7AFFDB8604C
:103DF0007B6893F83530DBB2022B08D07B688022D9
:103E00005A657B68002283F83420012352E07B68E6
:103E10001B681A687B681B6822F016021A607B68B0
:103E20001B685A697B681B6822F080025A617B68B4
:103E30001B6C002B03D17B689B6C002B07D07B682D
:103E40001B681A687B681B6822F008021A607B688E
:103E50001B681A687B681B6822F001021A6013E075
:103E6000FFF774FD0246BB68D31A052B0CD97B689B
:103E700020225A657B68032283F835207B68002264
:103E800083F83420032315E07B681B681B6803F06C
:103E90000103002BE4D17B68DB6D3F229A40FB6875
:103EA0009A607B68012283F835207B68002283F8C2
:103EB0003420002318461037BD4680BD80B483B03F
:103EC00000AF78607B6893F83530DBB2022B04D00A
:103ED0007B6880225A6501230CE07B68052283F809
:103EE00035207B681B681A687B681B6822F001021A
:103EF0001A60002318460C37BD465DF8047B7047F6
:103F000080B586B000AF78600023BB608E4B1B6825
:103F10008E4AA2FB03239B0A7B617B689B6D3B61FE
:103F20003B691B68FB607B68DB6D08229A40FB687D
:103F30001340002B1AD07B681B681B6803F0040336
:103F4000002B13D07B681B681A687B681B6822F003
:103F500004021A607B68DB6D08229A403B699A6014
:103F60007B685B6D43F001027B685A657B68DB6DA3
:103F700001229A40FB681340002B12D07B681B681B
:103F80005B6903F08003002B0BD07B68DB6D0122A3
:103F90009A403B699A607B685B6D43F002027B68E4
:103FA0005A657B68DB6D04229A40FB681340002B46
:103FB00012D07B681B681B6803F00203002B0BD038
:103FC0007B68DB6D04229A403B699A607B685B6D7D
:103FD00043F004027B685A657B68DB6D10229A40CF
:103FE000FB681340002B43D07B681B681B6803F001
:103FF0000803002B3CD07B68DB6D10229A403B69A4
:104000009A607B681B681B6803F48023002B18D020
:104010007B681B681B6803F40023002B08D17B68B6
:104020001B6C002B24D07B681B6C786898471FE0C2
:104030007B689B6C002B1BD07B689B6C78689847D7
:1040400016E07B681B681B6803F48073002B07D1A4
:104050007B681B681A687B681B6822F008021A607C
:104060007B681B6C002B03D07B681B6C78689847BF
:104070007B68DB6D20229A40FB681340002B00F028
:104080008F807B681B681B6803F01003002B00F017
:1040900087807B68DB6D20229A403B699A607B6851
:1040A00093F83530DBB2052B36D17B681B681A6874
:1040B0007B681B6822F016021A607B681B685A69CD
:1040C0007B681B6822F080025A617B681B6C002BA6
:1040D00003D17B689B6C002B07D07B681B681A6838
:1040E0007B681B6822F008021A607B68DB6D3F2248
:1040F0009A403B699A607B68012283F835207B688F
:10410000002283F834207B681B6D002B7ED07B68F7
:104110001B6D7868984779E07B681B681B6803F41F
:104120008023002B1DD07B681B681B6803F40023D1
:10413000002B0DD17B685B6C002B31D07B685B6CF6
:10414000786898472CE000BF28000020B5814E1BFE
:104150007B68DB6B002B23D07B68DB6B7868984730
:104160001EE07B681B681B6803F48073002B0FD173
:104170007B681B681A687B681B6822F010021A6053
:104180007B68012283F835207B68002283F8342085
:104190007B68DB6B002B03D07B68DB6B7868984710
:1041A0007B685B6D002B32D07B685B6D03F0010395
:1041B000002B22D07B68052283F835207B681B68A2
:1041C0001A687B681B6822F001021A60BB68013321
:1041D000BB607A699A4207D37B681B681B6803F04F
:1041E0000103002BF2D100E000BF7B68012283F8BD
:1041F00035207B68002283F834207B68DB6C002B41
:1042000005D07B68DB6C7868984700E000BF183702
:10421000BD4680BD80B485B000AFF860B9607A60FB
:104220003B60FB681B681A68FB681B6822F48022ED
:104230001A60FB681B683A685A60FB689B68402BF1
:1042400008D1FB681B687A689A60FB681B68BA68CB
:10425000DA6007E0FB681B68BA689A60FB681B6855
:104260007A68DA6000BF1437BD465DF8047B70479A
:1042700080B485B000AF78607B681B68DBB2103B10
:10428000144AA2FB03231B09FB60134AFB68134477
:104290001B781A467B68DA65FB68032B09D97B68B3
:1042A0001B6823F47F7323F003031A1D7B689A6550
:1042B00007E07B681B6823F47F7323F003037A68AD
:1042C00093657B689B6D18461437BD465DF8047B8B
:1042D000704700BFABAAAAAA24D0000880B485B05A
:1042E00000AF78600023FB737B689B6ABB607B68D0
:1042F0009B69002B1FD1BB68032B56D801A252F833
:1043000023F000BF154300082743000815430008A9
:10431000AB4300087B68DB6A03F08073002B46D058
:104320000123FB7343E07B68DB6AB3F1C07F40D1BC
:104330000123FB733DE07B689B69B3F5005F21D1EE
:10434000BB68032B37D801A252F823F05D43000865
:10435000634300085D430008754300080123FB73B5
:1043600030E07B68DB6A03F08073002B25D00123EB
:10437000FB7322E07B68DB6AB3F1C07F1FD10123AE
:10438000FB731CE0BB68022B03D9BB68032B03D073
:1043900018E00123FB7315E07B68DB6A03F0807390
:1043A000002B0ED00123FB730BE000BF0AE000BF1F
:1043B00008E000BF06E000BF04E000BF02E000BF6D
:1043C00000E000BFFB7B18461437BD465DF8047B58
:1043D000704700BF80B489B000AF786039600023B7
:1043E0007B6100233B610023BB610023FB6159E13A
:1043F0000122FB6902FA03F37B613B681B687A695F
:1044000013403B613A697B699A4240F048813B68BE
:104410005B6803F00303012B05D03B685B6803F086
:104420000303022B30D17B689B68BB61FB695B0097
:10443000032202FA03F3DB43BA691340BB613B6812
:10444000DA68FB695B0002FA03F3BA691343BB61E4
:104450007B68BA699A607B685B68BB610122FB6913
:1044600002FA03F3DB43BA691340BB613B685B6844
:104470001B0903F00102FB6902FA03F3BA69134353
:10448000BB617B68BA695A603B685B6803F00303F1
:10449000032B17D07B68DB68BB61FB695B000322E1
:1044A00002FA03F3DB43BA691340BB613B689A68C5
:1044B000FB695B0002FA03F3BA691343BB617B68D3
:1044C000BA69DA603B685B6803F00303022B23D10F
:1044D000FB69DA087B68083253F82230BB61FB695C
:1044E00003F007039B000F2202FA03F3DB43BA69D0
:1044F0001340BB613B681A69FB6903F007039B002B
:1045000002FA03F3BA691343BB61FB69DA087B68FB
:104510000832B96943F822107B681B68BB61FB69EC
:104520005B00032202FA03F3DB43BA691340BB6169
:104530003B685B6803F00302FB695B0002FA03F36C
:10454000BA691343BB617B68BA691A603B685B68F0
:1045500003F44033002B00F0A2800023FB60574B94
:104560005B6C564A43F480435364544B5B6C03F4D6
:104570008043FB60FB68524AFB699B08023352F898
:104580002330BB61FB6903F003039B000F2202FA97
:1045900003F3DB43BA691340BB617B68494A93422A
:1045A00019D07B68484A934213D07B68474A9342AC
:1045B0000DD07B68464A934207D07B68454A9342B8
:1045C00001D1042308E0072306E0032304E00223CB
:1045D00002E0012300E00023FA6902F003029200E6
:1045E0009340BA691343BB613549FB699B080233A9
:1045F000BA6941F82320384B9B68BB613B69DB43B8
:10460000BA691340BB613B685B6803F48013002BFD
:1046100003D0BA693B691343BB612F4ABB699360FE
:104620002D4BDB68BB613B69DB43BA691340BB615F
:104630003B685B6803F40013002B03D0BA693B6945
:104640001343BB61244ABB69D360234B5B68BB61E6
:104650003B69DB43BA691340BB613B685B6803F4A9
:104660000033002B03D0BA693B691343BB611A4A7C
:10467000BB695360184B1B68BB613B69DB43BA697C
:104680001340BB613B685B6803F48033002B03D0AD
:10469000BA693B691343BB610F4ABB691360FB698D
:1046A0000133FB61FB690F2B7FF6A2AE00BF00BF99
:1046B0002437BD465DF8047B704700BF00380240D8
:1046C000003801400000024000040240000802409F
:1046D000000C024000100240003C014080B483B056
:1046E00000AF78600B467B8013467B707B78002B95
:1046F00003D07A887B689A6103E07B881A047B6820
:104700009A6100BF0C37BD465DF8047B704780B4EA
:1047100085B000AF78600B467B807B685B69FB608F
:104720007A88FB6813401A04FB68D9437B880B40E6
:104730001A437B689A6100BF1437BD465DF8047B5D
:104740007047000080B582B000AF0346FB80084B85
:104750005A69FB881340002B06D0054AFB88536139
:10476000FB88184600F006F800BF0837BD4680BD3C
:10477000003C014080B483B000AF0346FB8000BF23
:104780000C37BD465DF8047B7047000080B584B0EF
:1047900000AF78607B68002B01D101232BE17B689F
:1047A00093F83D30DBB2002B06D17B68002283F802
:1047B0003C207868FDF7C6FC7B68242283F83D2006
:1047C0007B681B681A687B681B6822F001021A600C
:1047D0007B681B681A687B681B6842F400421A6099
:1047E0007B681B681A687B681B6822F400421A60A9
:1047F00001F01EFCF8607B685B68814A934207D831
:10480000FB68804A934294BF01230023DBB206E099
:10481000FB687D4A934294BF01230023DBB2002B47
:1048200001D00123E7E0FB68784AA2FB03239B0C3D
:10483000BB607B681B685B6823F03F017B681B687B
:10484000BA680A435A607B681B681B6A23F03F0101
:104850007B685B686A4A934202D8BB68013309E00F
:10486000BB684FF4967202FB03F3694AA2FB032371
:104870009B0901337A6812680B4313627B681B68DB
:10488000DB6923F44F4222F0FF027B685B685C49DE
:104890008B4219D8FB68591E7B685B685B00B1FBD3
:1048A000F3F3591C40F6FC730B40002B0AD0FB6855
:1048B000591E7B685B685B00B1FBF3F30133C3F304
:1048C0000B0351E004234FE07B689B68002B11D160
:1048D000FB68581E7B6859680B465B000B44B0FBB5
:1048E000F3F30133C3F30B03002B0CBF01230023AD
:1048F000DBB212E0FB68581E7B6859680B469B00D0
:104900000B4499000B44B0FBF3F30133C3F30B03E7
:10491000002B0CBF01230023DBB2002B01D00123AD
:1049200022E07B689B68002B0ED1FB68581E7B68D9
:1049300059680B465B000B44B0FBF3F30133C3F340
:104940000B0343F400430FE0FB68581E7B68596873
:104950000B469B000B4499000B44B0FBF3F301336F
:10496000C3F30B0343F44043796809681343CB61F5
:104970007B681B681B6823F0C0017B68DA697B6871
:104980001B6A1A437B681B680A431A607B681B68B2
:104990009B6823F4034323F0FF037A6811697A6864
:1049A000D26811437A6812680B4393607B681B6876
:1049B000DB6823F0FF017B685A697B689B691A43B7
:1049C0007B681B680A43DA607B681B681A687B682F
:1049D0001B6842F001021A607B6800221A647B683F
:1049E000202283F83D207B6800221A637B68002226
:1049F00083F83E20002318461037BD4680BD00BF17
:104A0000A08601007F841E00FF083D0083DE1B435B
:104A1000D34D621080B588B002AFF86008461146E9
:104A20001A4603467B810B463B811346FB80FEF70B
:104A30008DFF7861FB6893F83D30DBB2202B40F0AE
:104A4000D9807B690093192301226D49F86800F031
:104A50008BFC0346002B01D00223CCE0FB6893F8CB
:104A60003C30012B01D10223C5E0FB68012283F811
:104A70003C20FB681B681B6803F00103012B07D077
:104A8000FB681B681A68FB681B6842F001021A6029
:104A9000FB681B681A68FB681B6822F400621A60D6
:104AA000FB68212283F83D20FB68402283F83E20EA
:104AB000FB6800221A64FB683A6A5A62FB68BA8C87
:104AC0005A85FB685B8D9AB2FB681A85FB684D4A74
:104AD000DA62F8883A8979897B690193BB6A009325
:104AE0000346F86800F0C2FA0346002B52D00123B7
:104AF00081E07A69B96AF86800F050FD0346002B3E
:104B00000DD0FB681B6C042B07D1FB681B681A686F
:104B1000FB681B6842F400721A6001236BE0FB68BB
:104B20005B6A1A78FB681B681A61FB685B6A5A1C2F
:104B3000FB685A62FB681B8D013B9AB2FB681A85C1
:104B4000FB685B8D9BB2013B9AB2FB685A85FB68A0
:104B50001B685B6903F00403042B1BD1FB681B8DEE
:104B6000002B17D0FB685B6A1A78FB681B681A6118
:104B7000FB685B6A5A1CFB685A62FB681B8D013B31
:104B80009AB2FB681A85FB685B8D9BB2013B9AB2B7
:104B9000FB685A85FB681B8D002BAAD17A69B96A1C
:104BA000F86800F043FD0346002B0DD0FB681B6C3A
:104BB000042B07D1FB681B681A68FB681B6842F46A
:104BC00000721A60012316E0FB681B681A68FB6814
:104BD0001B6842F400721A60FB68202283F83D20B3
:104BE000FB68002283F83E20FB68002283F83C200B
:104BF000002300E0022318461837BD4680BD00BFE1
:104C0000020010000000FFFF80B58CB002AFF8601A
:104C1000084611461A4603467B810B463B811346E4
:104C2000FB80FEF793FE7862FB6893F83D30DBB2C1
:104C3000202B40F014827B6A0093192301227B49C8
:104C4000F86800F091FB0346002B01D0022307E235
:104C5000FB6893F83C30012B01D1022300E2FB6892
:104C6000012283F83C20FB681B681B6803F00103EA
:104C7000012B07D0FB681B681A68FB681B6842F0B1
:104C800001021A60FB681B681A68FB681B6822F443
:104C900000621A60FB68222283F83D20FB684022F4
:104CA00083F83E20FB6800221A64FB683A6B5A6264
:104CB000FB68BA8E5A85FB685B8D9AB2FB681A85D1
:104CC000FB685B4ADA62F8883A8979897B6A0193E2
:104CD000BB6B00930346F86800F05EFA0346002BB6
:104CE00001D00123BCE1FB681B8D002B13D10023F5
:104CF0003B62FB681B685B693B62FB681B689B69E6
:104D00003B623B6AFB681B681A68FB681B6842F4DD
:104D100000721A6090E1FB681B8D012B1BD1FB68B0
:104D20001B681A68FB681B6822F480621A60002303
:104D3000FB61FB681B685B69FB61FB681B689B6927
:104D4000FB61FB69FB681B681A68FB681B6842F41F
:104D500000721A6070E1FB681B8D022B1BD1FB688F
:104D60001B681A68FB681B6822F480621A60FB6883
:104D70001B681A68FB681B6842F400621A60002313
:104D8000BB61FB681B685B69BB61FB681B689B6957
:104D9000BB61BB6950E100237B61FB681B685B69F9
:104DA0007B61FB681B689B697B617B6944E1FB68F5
:104DB0001B8D032B00F2F180FB681B8D012B23D18F
:104DC0007A6AB96BF86800F079FC0346002B01D0D1
:104DD000012345E1FB681B681A69FB685B6AD2B274
:104DE0001A70FB685B6A5A1CFB685A62FB681B8D71
:104DF000013B9AB2FB681A85FB685B8D9BB2013B55
:104E00009AB2FB685A8517E1FB681B8D022B4ED1C5
:104E10007B6A0093BB6B00220649F86800F0A4FA95
:104E20000346002B08D001231AE100BF0200100046
:104E30000000FFFF04000100FB681B681A68FB68A4
:104E40001B6842F400721A60FB681B681A69FB68F1
:104E50005B6AD2B21A70FB685B6A5A1CFB685A62C2
:104E6000FB681B8D013B9AB2FB681A85FB685B8D62
:104E70009BB2013B9AB2FB685A85FB681B681A69B2
:104E8000FB685B6AD2B21A70FB685B6A5A1CFB68EB
:104E90005A62FB681B8D013B9AB2FB681A85FB685E
:104EA0005B8D9BB2013B9AB2FB685A85C4E07B6A7A
:104EB0000093BB6B00226C49F86800F055FA03467A
:104EC000002B01D00123CBE0FB681B681A68FB684C
:104ED0001B6822F480621A60FB681B681A69FB6811
:104EE0005B6AD2B21A70FB685B6A5A1CFB685A6232
:104EF000FB681B8D013B9AB2FB681A85FB685B8DD2
:104F00009BB2013B9AB2FB685A857B6A0093BB6BEC
:104F100000225549F86800F027FA0346002B01D01B
:104F200001239DE0FB681B681A68FB681B6842F45C
:104F300000721A60FB681B681A69FB685B6AD2B270
:104F40001A70FB685B6A5A1CFB685A62FB681B8D0F
:104F5000013B9AB2FB681A85FB685B8D9BB2013BF3
:104F60009AB2FB685A85FB681B681A69FB685B6A22
:104F7000D2B21A70FB685B6A5A1CFB685A62FB6803
:104F80001B8D013B9AB2FB681A85FB685B8D9BB257
:104F9000013B9AB2FB685A854EE07A6AB96BF868B1
:104FA00000F08CFB0346002B01D0012358E0FB6886
:104FB0001B681A69FB685B6AD2B21A70FB685B6A8D
:104FC0005A1CFB685A62FB681B8D013B9AB2FB6856
:104FD0001A85FB685B8D9BB2013B9AB2FB685A85D0
:104FE000FB681B685B6903F00403042B24D1FB6896
:104FF0001B8D032B07D1FB681B681A68FB681B68B5
:1050000022F480621A60FB681B681A69FB685B6A9D
:10501000D2B21A70FB685B6A5A1CFB685A62FB6862
:105020001B8D013B9AB2FB681A85FB685B8D9BB2B6
:10503000013B9AB2FB685A85FB681B8D002B7FF4FD
:10504000B6AEFB68202283F83D20FB68002283F87F
:105050003E20FB68002283F83C20002300E002236E
:1050600018462837BD4680BD0400010080B588B0D1
:1050700002AFF860084611461A4603467B810B468C
:105080003B811346FB80FB681B681A68FB681B6842
:1050900042F480721A607B6A00933B6A00224FF0F0
:1050A0000111F86800F060F90346002B0DD0FB6891
:1050B0001B681B6803F48073B3F5807F03D1FB6822
:1050C0004FF400721A6403235FE07B89DBB21A4657
:1050D000FB681B6802F0FE021A617B6A3A6A2D497E
:1050E000F86800F0BBF90346002B01D001234CE027
:1050F00000237B61FB681B685B697B61FB681B6845
:105100009B697B617B697A6A396AF86800F046FAC4
:105110000346002B0DD0FB681B6C042B07D1FB68EA
:105120001B681A68FB681B6842F400721A6001234E
:105130002BE0FB88012B05D13B89DAB2FB681B68A9
:105140001A6121E03B891B0A9BB2DAB2FB681B683B
:105150001A617A6A396AF86800F020FA0346002B6F
:105160000DD0FB681B6C042B07D1FB681B681A6809
:10517000FB681B6842F400721A60012305E03B895A
:10518000DAB2FB681B681A61002318461837BD465F
:1051900080BD00BF0200010080B588B002AFF8609A
:1051A000084611461A4603467B810B463B8113464F
:1051B000FB80FB681B681A68FB681B6842F480620E
:1051C0001A60FB681B681A68FB681B6842F48072EF
:1051D0001A607B6A00933B6A00224FF00111F86865
:1051E00000F0C2F80346002B0DD0FB681B681B685B
:1051F00003F48073B3F5807F03D1FB684FF4007232
:105200001A640323AAE07B89DBB21A46FB681B6899
:1052100002F0FE021A617B6A3A6A5249F86800F0AD
:105220001DF90346002B01D0012397E000237B6189
:10523000FB681B685B697B61FB681B689B697B6122
:105240007B697A6A396AF86800F0A8F90346002B8E
:105250000DD0FB681B6C042B07D1FB681B681A6818
:10526000FB681B6842F400721A60012376E0FB8839
:10527000012B05D13B89DAB2FB681B681A6121E07A
:105280003B891B0A9BB2DAB2FB681B681A617A6A17
:10529000396AF86800F082F90346002B0DD0FB68EC
:1052A0001B6C042B07D1FB681B681A68FB681B6822
:1052B00042F400721A60012350E03B89DAB2FB68C5
:1052C0001B681A617A6A396AF86800F067F9034660
:1052D000002B0DD0FB681B6C042B07D1FB681B68EF
:1052E0001A68FB681B6842F400721A60012335E0FB
:1052F000FB681B681A68FB681B6842F480721A60BE
:105300007B6A00933B6A00224FF00111F86800F0BD
:105310002BF80346002B0DD0FB681B681B6803F4B9
:105320008073B3F5807F03D1FB684FF400721A6479
:10533000032313E07B89DBB243F00103DAB2FB689D
:105340001B681A617B6A3A6A0649F86800F086F8B9
:105350000346002B01D0012300E000231846183734
:10536000BD4680BD0200010080B584B000AFF8608A
:10537000B9603B601346FB7148E03B68B3F1FF3F07
:1053800044D0FEF7E3FA0246BB69D31A3A689A4260
:1053900002D33B68002B39D1BB681B0CDBB2012B5D
:1053A0000DD1FB681B685B69DA43BB6813409BB295
:1053B000002B0CBF01230023DBB21A460CE0FB6874
:1053C0001B689B69DA43BB6813409BB2002B0CBF80
:1053D00001230023DBB21A46FB799A4216D1FB68FF
:1053E00000221A63FB68202283F83D20FB6800221C
:1053F00083F83E20FB681B6C43F02002FB681A64B4
:10540000FB68002283F83C20012323E0BB681B0CCF
:10541000DBB2012B0DD1FB681B685B69DA43BB680B
:1054200013409BB2002B0CBF01230023DBB21A46B2
:105430000CE0FB681B689B69DA43BB6813409BB2B6
:10544000002B0CBF01230023DBB21A46FB799A42E2
:1054500093D0002318461037BD4680BD80B584B078
:1054600000AFF860B9607A603B6071E0FB681B6870
:105470005B6903F48063B3F5806F23D1FB681B681D
:105480001A68FB681B6842F400721A60FB681B68AC
:105490006FF480625A61FB6800221A63FB68202265
:1054A00083F83D20FB68002283F83E20FB681B6CDC
:1054B00043F00402FB681A64FB68002283F83C2076
:1054C000012367E07B68B3F1FF3F41D0FEF73EFA6E
:1054D00002463B68D31A7A689A4202D37B68002B53
:1054E00036D1BB681B0CDBB2012B0CD1FB681B68EF
:1054F0005B69DA43BB6813409BB2002B14BF0123E6
:105500000023DBB20BE0FB681B689B69DA43BB68D6
:1055100013409BB2002B14BF01230023DBB2002BEE
:1055200016D0FB6800221A63FB68202283F83D2016
:10553000FB68002283F83E20FB681B6C43F02002CE
:10554000FB681A64FB68002283F83C20012321E0F9
:10555000BB681B0CDBB2012B0CD1FB681B685B69C1
:10556000DA43BB6813409BB2002B14BF0123002316
:10557000DBB20BE0FB681B689B69DA43BB68134036
:105580009BB2002B14BF01230023DBB2002B7FF45E
:105590006DAF002318461037BD4680BD80B584B07E
:1055A00000AFF860B9607A6034E0F86800F0E3F8C2
:1055B0000346002B01D0012334E0BB68B3F1FF3F69
:1055C00028D0FEF7C3F902467B68D31ABA689A421C
:1055D00002D3BB68002B1DD1FB681B685B6903F01D
:1055E0008003802B16D0FB6800221A63FB68202200
:1055F00083F83D20FB68002283F83E20FB681B6C8B
:1056000043F02002FB681A64FB68002283F83C2008
:10561000012307E0FB681B685B6903F08003802BB4
:10562000C3D1002318461037BD4680BD80B584B075
:1056300000AFF860B9607A6034E0F86800F09BF879
:105640000346002B01D0012334E0BB68B3F1FF3FD8
:1056500028D0FEF77BF902467B68D31ABA689A42D3
:1056600002D3BB68002B1DD1FB681B685B6903F08C
:105670000403042B16D0FB6800221A63FB68202267
:1056800083F83D20FB68002283F83E20FB681B6CFA
:1056900043F02002FB681A64FB68002283F83C2078
:1056A000012307E0FB681B685B6903F00403042B1C
:1056B000C3D1002318461037BD4680BD80B584B0E5
:1056C00000AFF860B9607A6049E0FB681B685B690D
:1056D00003F01003102B19D1FB681B686FF0100248
:1056E0005A61FB6800221A63FB68202283F83D2080
:1056F000FB68002283F83E20FB681A6CFB681A6482
:10570000FB68002283F83C20012330E0FEF71EF9FD
:1057100002467B68D31ABA689A4202D3BB68002B50
:105720001DD1FB681B685B6903F04003402B16D05A
:10573000FB6800221A63FB68202283F83D20FB6887
:10574000002283F83E20FB681B6C43F02002FB68BC
:105750001A64FB68002283F83C20012307E0FB6801
:105760001B685B6903F04003402BAED10023184651
:105770001037BD4680BD80B483B000AF78607B68D1
:105780001B685B6903F48063B3F5806F1BD17B6892
:105790001B686FF480625A617B6800221A637B6821
:1057A000202283F83D207B68002283F83E207B681E
:1057B0001B6C43F004027B681A647B68002283F848
:1057C0003C20012300E0002318460C37BD465DF85D
:1057D000047B704780B586B000AF78607B68002B93
:1057E00001D1012367E27B681B6803F00103002BF2
:1057F00075D0884B9B6803F00C03042B0CD0854BB1
:105800009B6803F00C03082B12D1824B5B6803F4F6
:105810008003B3F5800F0BD17E4B1B6803F400337C
:10582000002B5BD07B685B68002B57D1012342E2E1
:105830007B685B68B3F5803F06D1764B1B68754A81
:1058400043F4803313601DE07B685B68B3F5A02FE1
:105850000CD1704B1B686F4A43F4802313606D4B6F
:105860001B686C4A43F4803313600BE0694B1B6880
:10587000684A23F480331360664B1B68654A23F43F
:10588000802313607B685B68002B13D0FEF75EF803
:10589000386108E0FEF75AF802463B69D31A642BD8
:1058A00001D9032307E25B4B1B6803F40033002B91
:1058B000F0D014E0FEF74AF8386108E0FEF746F849
:1058C00002463B69D31A642B01D90323F3E1514B00
:1058D0001B6803F40033002BF0D100E000BF7B68AD
:1058E0001B6803F00203002B63D04A4B9B6803F054
:1058F0000C03002B0BD0474B9B6803F00C03082BC9
:105900001CD1444B5B6803F48003002B16D1414B40
:105910001B6803F00203002B05D07B68DB68012BBA
:1059200001D00123C7E13B4B1B6823F0F8027B68E1
:105930001B69DB00374913430B603AE07B68DB6887
:10594000002B20D0344B01221A60FDF7FFFF386195
:1059500008E0FDF7FBFF02463B69D31A022B01D991
:105960000323A8E12B4B1B6803F00203002BF0D0AC
:10597000284B1B6823F0F8027B681B69DB00254974
:1059800013430B6015E0244B00221A60FDF7DEFF85
:10599000386108E0FDF7DAFF02463B69D31A022BB3
:1059A00001D9032387E11B4B1B6803F00203002B83
:1059B000F0D17B681B6803F00803002B36D07B68AE
:1059C0005B69002B16D0154B01221A60FDF7BEFF54
:1059D000386108E0FDF7BAFF02463B69D31A022B93
:1059E00001D9032367E10B4B5B6F03F00203002B2C
:1059F000F0D01BE0094B00221A60FDF7A7FF3861C9
:105A00000EE0FDF7A3FF02463B69D31A022B07D92C
:105A1000032350E10038024000004742800E474215
:105A2000884B5B6F03F00203002BEAD17B681B6895
:105A300003F00403002B00F097800023FB75814BDB
:105A40001B6C03F08053002B0FD10023BB607D4BF8
:105A50001B6C7C4A43F0805313647A4B1B6C03F03D
:105A60008053BB60BB680123FB75774B1B6803F455
:105A70008073002B18D1744B1B68734A43F48073F6
:105A80001360FDF763FF386108E0FDF75FFF024632
:105A90003B69D31A022B01D903230CE16A4B1B6823
:105AA00003F48073002BF0D07B689B68012B06D138
:105AB000644B1B6F634A43F0010313671CE07B6870
:105AC0009B68052B0CD15F4B1B6F5E4A43F00403B0
:105AD00013675C4B1B6F5B4A43F0010313670BE0DA
:105AE000584B1B6F574A23F001031367554B1B6F2D
:105AF000544A23F0040313677B689B68002B15D07E
:105B0000FDF724FF38610AE0FDF720FF02463B69FC
:105B1000D31A41F28832934201D90323CBE0494B97
:105B20001B6F03F00203002BEED014E0FDF70EFF15
:105B300038610AE0FDF70AFF02463B69D31A41F2D9
:105B40008832934201D90323B5E03E4B1B6F03F02B
:105B50000203002BEED1FB7D012B05D1394B1B6CD1
:105B6000384A23F0805313647B689B69002B00F054
:105B7000A180344B9B6803F00C03082B5CD07B683E
:105B80009B69022B41D1314B00221A60FDF7DEFEEA
:105B9000386108E0FDF7DAFE02463B69D31A022BB2
:105BA00001D9032387E0274B1B6803F00073002B08
:105BB000F0D17B68DA697B681B6A1A437B685B6A91
:105BC0009B011A437B689B6A5B08013B1B041A43D9
:105BD0007B68DB6A1B061B4913434B601B4B01228E
:105BE0001A60FDF7B3FE386108E0FDF7AFFE02462C
:105BF0003B69D31A022B01D903235CE0114B1B68CC
:105C000003F00073002BF0D054E0104B00221A6018
:105C1000FDF79CFE386108E0FDF798FE02463B69FF
:105C2000D31A022B01D9032345E0064B1B6803F06E
:105C30000073002BF0D13DE07B689B69012B07D1FD
:105C4000012338E000380240007000406000474205
:105C50001B4B5B68FB607B689B69012B28D0FB6852
:105C600003F480027B68DB699A4221D1FB6803F070
:105C70003F027B681B6A9A421AD1FA6847F6C073E2
:105C800013407A68526A9201934211D1FB6803F47F
:105C900040327B689B6A5B08013B1B049A4207D138
:105CA000FB6803F070627B68DB6A1B069A4201D0D6
:105CB000012300E0002318461837BD4680BD00BF11
:105CC0000038024080B584B000AF786039607B68EE
:105CD000002B01D10123CCE0684B1B6803F00703C4
:105CE0003A689A420CD9654B3A68D2B21A70634B43
:105CF0001B6803F007033A689A4201D00123B8E019
:105D00007B681B6803F00203002B20D07B681B68B4
:105D100003F00403002B05D0594B9B68584A43F409
:105D2000E05393607B681B6803F00803002B05D0E9
:105D3000534B9B68524A43F460439360504B9B68BB
:105D400023F0F0027B689B684D4913438B607B68AE
:105D50001B6803F00103002B44D07B685B68012BB8
:105D600007D1474B1B6803F40033002B19D10123E3
:105D70007FE07B685B68022B03D07B685B68032B4A
:105D800007D13F4B1B6803F00073002B09D101239F
:105D90006FE03B4B1B6803F00203002B01D1012392
:105DA00067E0374B9B6823F003027B685B683449EC
:105DB00013438B60FDF7CAFDF8600AE0FDF7C6FDEE
:105DC0000246FB68D31A41F28832934201D9032379
:105DD0004FE02B4B9B6803F00C027B685B689B00D9
:105DE0009A42EBD1254B1B6803F007033A689A42AD
:105DF0000CD2224B3A68D2B21A70204B1B6803F0C7
:105E000007033A689A4201D0012332E07B681B689D
:105E100003F00403002B08D0194B9B6823F4E052D5
:105E20007B68DB68164913438B607B681B6803F053
:105E30000803002B09D0124B9B6823F460427B6857
:105E40001B69DB000E4913438B6000F021F802460A
:105E50000B4B9B681B0903F00F030A49CB5C22FA2A
:105E600003F3094A1360094B1B681846FDF72AFD26
:105E7000002318461037BD4680BD00BF003C0240DD
:105E8000003802400CD00008280000202C00002020
:105E90002DE9B04F90B000AF00237B630023FB637C
:105EA00000233B630023BB63584B9B6803F00C0348
:105EB000082B0DD0082B00F2A080002B02D0042B61
:105EC00003D09AE0524BBB639AE0524BBB6397E01E
:105ED0004E4B5B6803F03F037B634C4B5B6803F402
:105EE0008003002B27D0494B5B689B0900223B6253
:105EF0007A623B6AC3F308000021464B03FB01F2C0
:105F0000002300FB03F31344424AA0FB0221F96281
:105F1000BA62FA6A1344FB627B6B0022BB61FA61CE
:105F2000D7E90623D7E90A01FAF7B6FE02460B467F
:105F30001346FB6353E0354B5B689B0900223B61D2
:105F40007A613B69C3F3080A4FF0000B52465B4687
:105F50004FF000004FF00001590141EAD2615001B9
:105F600002460B46B2EB0A0863EB0B094FF0000246
:105F70004FF000034FEA891343EA98634FEA88120F
:105F8000B2EB080463EB09054FF000024FF0000389
:105F9000EB0043EA5473E20014461D4614EB0A0377
:105FA0003B6045EB0B037B604FF000024FF00003BA
:105FB000D7E9004529468B02214643EA9153214601
:105FC0008A02104619467B6B0022BB60FA60D7E953
:105FD0000223FAF761FE02460B461346FB630B4BA6
:105FE0005B681B0C03F0030301335B003B63FA6B3C
:105FF0003B6BB2FBF3F3BB6302E0054BBB6300BF3B
:10600000BB6B18464037BD46BDE8B08F0038024034
:106010000024F40040787D0180B400AF034B1B687E
:106020001846BD465DF8047B704700BF280000207D
:1060300080B500AFFFF7F0FF0246054B9B689B0A57
:1060400003F007030349CB5C22FA03F3184680BD33
:10605000003802401CD0000880B500AFFFF7DCFF1D
:106060000246054B9B685B0B03F007030349CB5CBF
:1060700022FA03F3184680BD003802401CD0000805
:1060800080B582B000AF78607B68002B01D101231E
:1060900041E07B6893F83D30DBB2002B06D17B6892
:1060A000002283F83C207868FDF7ECF97B68022237
:1060B00083F83D207B681A687B68043319461046D4
:1060C00000F070FD7B68012283F846207B68012286
:1060D00083F83E207B68012283F83F207B68012201
:1060E00083F840207B68012283F841207B680122ED
:1060F00083F842207B68012283F843207B680122D9
:1061000083F844207B68012283F845207B680122C4
:1061100083F83D20002318460837BD4680BD0000A7
:1061200080B485B000AF78607B6893F83D30DBB217
:10613000012B01D0012344E07B68022283F83D203B
:106140007B681B68DA687B681B6842F00102DA60D2
:106150007B681B681E4A934218D07B681B68B3F1AA
:10616000804F13D07B681B681A4A93420ED07B681D
:106170001B68194A934209D07B681B68174A9342EF
:1061800004D07B681B68164A934211D17B681B6858
:106190009B6803F00703FB60FB68062B10D07B684D
:1061A0001B681A687B681B6842F001021A6007E0EE
:1061B0007B681B681A687B681B6842F001021A60E2
:1061C000002318461437BD465DF8047B704700BFB6
:1061D000000001400004004000080040000C0040A6
:1061E0000040014080B582B000AF78607B68002B32
:1061F00001D1012341E07B6893F83D30DBB2002BF5
:1062000006D17B68002283F83C20786800F039F8DA
:106210007B68022283F83D207B681A687B68043320
:106220001946104600F0BEFC7B68012283F8462028
:106230007B68012283F83E207B68012283F83F209F
:106240007B68012283F840207B68012283F841208B
:106250007B68012283F842207B68012283F8432077
:106260007B68012283F844207B68012283F8452063
:106270007B68012283F83D20002318460837BD467D
:1062800080BD80B483B000AF786000BF0C37BD46DE
:106290005DF8047B7047000080B584B000AF786083
:1062A00039603B68002B09D17B6893F83E30DBB244
:1062B000012B14BF01230023DBB222E03B68042B37
:1062C00009D17B6893F83F30DBB2012B14BF012367
:1062D0000023DBB215E03B68082B09D17B6893F8FB
:1062E0004030DBB2012B14BF01230023DBB208E0F6
:1062F0007B6893F84130DBB2012B14BF01230023EC
:10630000DBB2002B01D0012368E03B68002B04D1F5
:106310007B68022283F83E2013E03B68042B04D103
:106320007B68022283F83F200BE03B68082B04D1F6
:106330007B68022283F8402003E07B68022283F816
:1063400041207B681B6801223968184600F0D6FEA0
:106350007B681B68234A934207D17B681B685A6C91
:106360007B681B6842F400425A647B681B681D4AC4
:10637000934218D07B681B68B3F1804F13D07B68C1
:106380001B68194A93420ED07B681B68174A9342D8
:1063900009D07B681B68164A934204D07B681B684F
:1063A000144A934211D17B681B689B6803F0070372
:1063B000FB60FB68062B10D07B681B681A687B6843
:1063C0001B6842F001021A6007E07B681B681A68CC
:1063D0007B681B6842F001021A60002318461037E0
:1063E000BD4680BD000001400004004000080040A0
:1063F000000C00400040014080B586B000AF7860DE
:1064000039607B68002B01D1012397E07B6893F80A
:106410003D30DBB2002B06D17B68002283F83C20A4
:106420007868FDF76DF87B68022283F83D207B6871
:106430001B689B687A68126823F4804323F0070383
:1064400093607B681A687B6804331946104600F035
:10645000A9FB7B681B689B687B617B681B689B69E9
:106460003B617B681B681B6AFB603B681B687A6941
:1064700013437B613B6923F4407323F003033B61C7
:106480003B689A683B689B691B0213433A69134354
:106490003B613B6923F4406323F00C033B613B69A0
:1064A00023F4704323F0F0033B613B68DA683B68F8
:1064B000DB691B0213433A6913433B613B681B6969
:1064C0001A013B681B6A1B0313433A6913433B6180
:1064D000FB6823F02203FB60FB6823F08803FB606A
:1064E0003B685A683B685B691B011343FA681343B6
:1064F000FB607B681B687A699A607B681B683A69F5
:106500009A617B681B68FA681A627B68012283F8CB
:1065100046207B68012283F83E207B68012283F8B5
:106520003F207B68012283F842207B68012283F8A8
:1065300043207B68012283F83D200023184618374A
:10654000BD4680BD80B584B000AF786039607B689F
:1065500093F83E30FB737B6893F83F30BB737B68E6
:1065600093F842307B737B6893F843303B733B680E
:10657000002B10D1FB7B012B02D17B7B012B01D0A7
:10658000012369E07B68022283F83E207B680222B7
:1065900083F8422031E03B68042B10D1BB7B012BF8
:1065A00002D13B7B012B01D0012355E07B68022205
:1065B00083F83F207B68022283F843201DE0FB7BA9
:1065C000012B08D1BB7B012B05D17B7B012B02D199
:1065D0003B7B012B01D001233EE07B68022283F844
:1065E0003E207B68022283F83F207B68022283F8EA
:1065F00042207B68022283F843203B68002B03D0B3
:106600003B68042B08D00FE07B681B680122002147
:10661000184600F073FD16E07B681B680122042118
:10662000184600F06BFD0EE07B681B68012200211C
:10663000184600F063FD7B681B68012204211846A0
:1066400000F05CFD00BF7B681B681A687B681B68F4
:1066500042F001021A60002318461037BD4680BD83
:1066600080B584B000AF78607B681B68DB68FB6036
:106670007B681B681B69BB60BB6803F00203002BCF
:1066800020D0FB6803F00203002B1BD07B681B6843
:106690006FF002021A617B6801221A777B681B681F
:1066A0009B6903F00303002B03D0786800F05BFACA
:1066B00005E0786800F04DFA786800F05EFA7B68D3
:1066C00000221A77BB6803F00403002B20D0FB687C
:1066D00003F00403002B1BD07B681B686FF00402DF
:1066E0001A617B6802221A777B681B689B6903F436
:1066F0004073002B03D0786800F035FA05E0786825
:1067000000F027FA786800F038FA7B6800221A77E0
:10671000BB6803F00803002B20D0FB6803F00803DC
:10672000002B1BD07B681B686FF008021A617B6826
:1067300004221A777B681B68DB6903F00303002BD4
:1067400003D0786800F00FFA05E0786800F001FAED
:10675000786800F012FA7B6800221A77BB6803F0B1
:106760001003002B20D0FB6803F01003002B1BD07C
:106770007B681B686FF010021A617B6808221A7729
:106780007B681B68DB6903F44073002B03D07868D7
:1067900000F0E9F905E0786800F0DBF9786800F0CE
:1067A000ECF97B6800221A77BB6803F00103002B29
:1067B0000CD0FB6803F00103002B07D07B681B683B
:1067C0006FF001021A617868FBF7D8FDBB6803F02F
:1067D0008003002B0CD0FB6803F08003002B07D054
:1067E0007B681B686FF080021A61786800F076FDA4
:1067F000BB6803F04003002B0CD0FB6803F04003A0
:10680000002B07D07B681B686FF040021A61786824
:1068100000F0BDF9BB6803F02003002B0CD0FB682F
:1068200003F02003002B07D07B681B686FF0200269
:106830001A61786800F048FD00BF1037BD4680BD82
:1068400080B586B000AFF860B9607A600023FB7550
:10685000FB6893F83C30012B01D10223AEE0FB68CA
:10686000012283F83C207B680C2B00F29F8001A260
:1068700052F823F0A9680008AD690008AD69000866
:10688000AD690008E9680008AD690008AD69000855
:10689000AD6900082B690008AD690008AD69000802
:1068A000AD6900086B690008FB681B68B968184689
:1068B00000F0FEF9FB681B689A69FB681B6842F0F0
:1068C00008029A61FB681B689A69FB681B6822F0E2
:1068D00004029A61FB681B689969BB681A69FB68C6
:1068E0001B680A439A6164E0FB681B68B968184634
:1068F00000F044FAFB681B689A69FB681B6842F465
:1069000000629A61FB681B689A69FB681B6822F445
:1069100080629A61FB681B689969BB681B691A02EF
:10692000FB681B680A439A6143E0FB681B68B9680F
:10693000184600F08FFAFB681B68DA69FB681B6871
:1069400042F00802DA61FB681B68DA69FB681B68C1
:1069500022F00402DA61FB681B68D969BB681A6916
:10696000FB681B680A43DA6123E0FB681B68B968AF
:10697000184600F0D9FAFB681B68DA69FB681B68E7
:1069800042F40062DA61FB681B68DA69FB681B6825
:1069900022F48062DA61FB681B68D969BB681B69F5
:1069A0001A02FB681B680A43DA6102E00123FB75E7
:1069B00000BFFB68002283F83C20FB7D1846183797
:1069C000BD4680BD80B584B000AF786039600023DB
:1069D000FB737B6893F83C30012B01D10223B4E0B8
:1069E0007B68012283F83C207B68022283F83D20EB
:1069F0007B681B689B68BB60BB6823F07703BB6048
:106A0000BB6823F47F43BB607B681B68BA689A60ED
:106A10003B681B68B3F5005F3ED0B3F5005F00F242
:106A20008780B3F5805F00F08680B3F5805F7FD804
:106A3000702B1AD0702B7BD8602B50D0602B77D85E
:106A4000502B3CD0502B73D8402B58D0402B6FD8B4
:106A5000302B64D0302B6BD8202B60D0202B67D804
:106A6000002B5CD0102B5AD062E07B6818683B6822
:106A700099683B685A683B68DB6800F01FFB7B68DD
:106A80001B689B68BB60BB6843F07703BB607B6897
:106A90001B68BA689A604FE07B6818683B68996821
:106AA0003B685A683B68DB6800F008FB7B681B6842
:106AB0009A687B681B6842F480429A603CE07B687D
:106AC00018683B6859683B68DB681A4600F07CFA36
:106AD0007B681B685021184600F0D5FA2CE07B68D3
:106AE00018683B6859683B68DB681A4600F09BFAF7
:106AF0007B681B686021184600F0C5FA1CE07B68C3
:106B000018683B6859683B68DB681A4600F05CFA15
:106B10007B681B684021184600F0B5FA0CE07B68E2
:106B20001A683B681B681946104600F0ACFA03E08F
:106B30000123FB7300E000BF7B68012283F83D2046
:106B40007B68002283F83C20FB7B18461037BD464B
:106B500080BD80B483B000AF786000BF0C37BD4605
:106B60005DF8047B704780B483B000AF786000BFED
:106B70000C37BD465DF8047B704780B483B000AF2E
:106B8000786000BF0C37BD465DF8047B704780B469
:106B900083B000AF786000BF0C37BD465DF8047B62
:106BA0007047000080B485B000AF786039607B68C2
:106BB0001B68FB607B68374A93420FD07B68B3F158
:106BC000804F0BD07B68344A934207D07B68334AAE
:106BD000934203D07B68324A934208D1FB6823F08A
:106BE0007003FB603B685B68FA681343FB607B687B
:106BF000284A93421BD07B68B3F1804F17D07B6843
:106C0000254A934213D07B68244A93420FD07B6875
:106C1000234A93420BD07B68224A934207D07B6879
:106C2000214A934203D07B68204A934208D1FB68F3
:106C300023F44073FB603B68DB68FA681343FB6036
:106C4000FB6823F080023B685B691343FB603B6891
:106C50009A687B68DA623B681A687B689A627B682C
:106C60000C4A934203D13B681A697B681A637B68BC
:106C70001B6843F004027B681A607B6801225A613A
:106C80007B68FA681A6000BF1437BD465DF8047B64
:106C9000704700BF000001400004004000080040B1
:106CA000000C004000400140004401400048014009
:106CB00080B487B000AF786039607B681B6A7B6105
:106CC0007B681B6A23F001027B681A627B685B6841
:106CD0003B617B689B69FB60FB6823F07003FB6092
:106CE000FB6823F00303FB603B681B68FA681343EF
:106CF000FB607B6923F002037B613B689B687A69D8
:106D000013437B617B681C4A93420CD17B6923F05F
:106D100008037B613B68DB687A6913437B617B69AD
:106D200023F004037B617B68134A934211D13B69D2
:106D300023F480733B613B6923F400733B613B6840
:106D40005B693A6913433B613B689B693A6913434A
:106D50003B617B683A695A607B68FA689A613B6874
:106D60005A687B685A637B687A691A6200BF1C376D
:106D7000BD465DF8047B70470000014080B487B0D9
:106D800000AF786039607B681B6A7B617B681B6A37
:106D900023F010027B681A627B685B683B617B684A
:106DA0009B69FB60FB6823F4E043FB60FB6823F412
:106DB0004073FB603B681B681B02FA681343FB606F
:106DC0007B6923F020037B613B689B681B017A6928
:106DD00013437B617B681E4A93420DD17B6923F08C
:106DE00080037B613B68DB681B017A6913437B612D
:106DF0007B6923F040037B617B68154A934213D182
:106E00003B6923F480633B613B6923F400633B618E
:106E10003B685B699B003A6913433B613B689B6934
:106E20009B003A6913433B617B683A695A607B680F
:106E3000FA689A613B685A687B689A637B687A69EA
:106E40001A6200BF1C37BD465DF8047B704700BF67
:106E50000000014080B487B000AF786039607B6883
:106E60001B6A7B617B681B6A23F480727B681A62F1
:106E70007B685B683B617B68DB69FB60FB6823F0D8
:106E80007003FB60FB6823F00303FB603B681B6837
:106E9000FA681343FB607B6923F400737B613B68F2
:106EA0009B681B027A6913437B617B681D4A93428E
:106EB0000DD17B6923F400637B613B68DB681B02B7
:106EC0007A6913437B617B6923F480637B617B6810
:106ED000144A934213D13B6923F480533B613B69CD
:106EE00023F400533B613B685B691B013A69134320
:106EF0003B613B689B691B013A6913433B617B68BB
:106F00003A695A607B68FA68DA613B685A687B685C
:106F1000DA637B687A691A6200BF1C37BD465DF888
:106F2000047B70470000014080B487B000AF7860F8
:106F300039607B681B6A3B617B681B6A23F4805263
:106F40007B681A627B685B687B617B68DB69FB60DE
:106F5000FB6823F4E043FB60FB6823F44073FB60B1
:106F60003B681B681B02FA681343FB603B6923F410
:106F700000533B613B689B681B033A6913433B61C9
:106F80007B68104A934209D17B6923F480437B617B
:106F90003B685B699B017A6913437B617B687A6913
:106FA0005A607B68FA68DA613B685A687B681A64E1
:106FB0007B683A691A6200BF1C37BD465DF8047BE6
:106FC000704700BF0000014080B487B000AFF86098
:106FD000B9607A60FB681B6A7B61FB681B6A23F0FF
:106FE0000102FB681A62FB689B693B613B6923F005
:106FF000F0033B617B681B013A6913433B617B698A
:1070000023F00A037B617A69BB6813437B61FB68E9
:107010003A699A61FB687A691A6200BF1C37BD46FB
:107020005DF8047B704780B487B000AFF860B9604A
:107030007A60FB681B6A7B61FB681B6A23F01002A5
:10704000FB681A62FB689B693B613B6923F47043F0
:107050003B617B681B033A6913433B617B6923F007
:10706000A0037B61BB681B017A6913437B61FB68EA
:107070003A699A61FB687A691A6200BF1C37BD469B
:107080005DF8047B704780B485B000AF78603960EC
:107090007B689B68FB60FB6823F07003FB603A68C9
:1070A000FB68134343F00703FB607B68FA689A6050
:1070B00000BF1437BD465DF8047B704780B487B0CD
:1070C00000AFF860B9607A603B60FB689B687B61E9
:1070D0007B6923F47F437B613B681A027B681A4318
:1070E000BB6813437A6913437B61FB687A699A60D2
:1070F00000BF1C37BD465DF8047B704780B487B085
:1071000000AFF860B9607A60BB6803F01F0301222A
:1071100002FA03F37B61FB681A6A7B69DB431A405E
:10712000FB681A62FB681A6ABB6803F01F03796880
:1071300001FA03F31A43FB681A6200BF1C37BD460D
:107140005DF8047B7047000080B485B000AF7860C4
:1071500039607B6893F83C30012B01D1022350E069
:107160007B68012283F83C207B68022283F83D2063
:107170007B681B685B68FB607B681B689B68BB6007
:10718000FB6823F07003FB603B681B68FA681343DD
:10719000FB607B681B68FA685A607B681B681C4A46
:1071A000934218D07B681B68B3F1804F13D07B6883
:1071B0001B68184A93420ED07B681B68164A93429C
:1071C00009D07B681B68154A934204D07B681B6812
:1071D000134A93420CD1BB6823F08003BB603B6829
:1071E0005B68BA681343BB607B681B68BA689A60C7
:1071F0007B68012283F83D207B68002283F83C20D5
:10720000002318461437BD465DF8047B704700BF65
:10721000000001400004004000080040000C004055
:107220000040014080B485B000AF78603960002331
:10723000FB607B6893F83C30012B01D102233DE0D9
:107240007B68012283F83C20FB6823F0FF023B6847
:10725000DB681343FB60FB6823F440723B689B6868
:107260001343FB60FB6823F480623B685B68134355
:10727000FB60FB6823F400623B681B681343FB6000
:10728000FB6823F480523B681B691343FB60FB6877
:1072900023F400523B685B691343FB60FB6823F4F3
:1072A00080423B68DB691343FB607B681B68FA68BC
:1072B0005A647B68002283F83C2000231846143768
:1072C000BD465DF8047B704780B483B000AF786042
:1072D00000BF0C37BD465DF8047B704780B483B0B7
:1072E00000AF786000BF0C37BD465DF8047B704787
:1072F00080B582B000AF78607B68002B01D101239C
:1073000042E07B6893F84130DBB2002B06D17B680A
:10731000002283F840207868FCF7D2F97B682422A9
:1073200083F841207B681B68DA687B681B6822F45D
:107330000052DA60786801F051F87B681B681A69BE
:107340007B681B6822F490421A617B681B685A694B
:107350007B681B6822F02A025A617B681B68DA6826
:107360007B681B6842F40052DA607B6800225A6432
:107370007B68202283F841207B68202283F842200A
:107380007B6800225A63002318460837BD4680BD3B
:1073900080B58AB002AFF860B9603B601346FB80ED
:1073A00000237B61FB6893F84130DBB2202B75D161
:1073B000BB68002B02D0FB88002B01D101236EE0BB
:1073C000FB6800225A64FB68212283F84120FCF705
:1073D000BDFA7861FB68FA889A84FB68FA88DA84D7
:1073E000FB689B68B3F5805F08D1FB681B69002BC5
:1073F00004D10023FB61BB68BB6103E0BB68FB6198
:107400000023BB612EE03B6800937B690022802152
:10741000F86800F022FD0346002B05D0FB6820220F
:1074200083F8412003233AE0FB69002B0BD1BB69B1
:107430001B881A46FB681B68C2F308025A60BB69C6
:107440000233BB6107E0FB691A78FB681B685A606E
:10745000FB690133FB61FB68DB8C9BB2013B9AB299
:10746000FB68DA84FB68DB8C9BB2002BCBD13B68DA
:1074700000937B6900224021F86800F0EEFC03468F
:10748000002B05D0FB68202283F84120032306E06F
:10749000FB68202283F84120002300E002231846E5
:1074A0002037BD4680BD000080B58CB000AFF860CD
:1074B000B9601346FB80FB6893F84130DBB2202BA8
:1074C00062D1BB68002B02D0FB88002B01D10123C5
:1074D0005BE0BA68FB681A62FB68FA889A84FB680A
:1074E000FA88DA84FB6800225A64FB68212283F858
:1074F0004120FB689B6B274ADA63FB689B6B264A3B
:107500001A64FB689B6B254ADA64FB689B6B00225C
:107510001A6507F10803FB62FB68986BFB6A196840
:10752000FB681B6804331A46FB88FCF7FFFB034625
:10753000002B08D0FB6810225A64FB68202283F8D5
:107540004120012321E0FB681B686FF040021A60B4
:10755000FB681B681433BB61BB6953E8003F7B6168
:107560007B6943F08003BB62FB681B681433BA6A13
:107570007A623B62396A7A6A41E80023FB61FB69FF
:10758000002BE5D1002300E0022318463037BD462A
:1075900080BD00BFA97B0008437C0008C77D0008B0
:1075A00080B584B000AFF860B9601346FB80FB681B
:1075B00093F84230DBB2202B12D1BB68002B02D0F3
:1075C000FB88002B01D101230BE0FB6800221A632A
:1075D000FB881A46B968F86800F098FC034600E09A
:1075E000022318461037BD4680BD000080B5BAB0F2
:1075F00000AF78607B681B681B68C7F8E4307B6865
:107600001B68DB68C7F8E0307B681B685B69C7F8FC
:10761000DC300023C7F8D8300023C7F8D430D7F8BF
:10762000E43003F00F03C7F8D830D7F8D830002B78
:107630000FD1D7F8E43003F02003002B09D0D7F89E
:10764000E03003F02003002B03D0786800F008FE40
:1076500073E2D7F8D830002B00F0DE80D7F8DC30AA
:1076600003F00103002B06D1D7F8E03003F4907348
:10767000002B00F0D180D7F8E43003F00103002B99
:107680000BD0D7F8E03003F48073002B05D07B6873
:107690005B6C43F001027B685A64D7F8E43003F076
:1076A0000403002B0BD0D7F8DC3003F00103002BD0
:1076B00005D07B685B6C43F002027B685A64D7F8A4
:1076C000E43003F00203002B0BD0D7F8DC3003F0DA
:1076D0000103002B05D07B685B6C43F004027B68E0
:1076E0005A64D7F8E43003F00803002B11D0D7F820
:1076F000E03003F02003002B05D1D7F8DC3003F095
:107700000103002B05D07B685B6C43F008027B68AB
:107710005A647B685B6C002B00F00A82D7F8E43077
:1077200003F02003002B08D0D7F8E03003F020034B
:10773000002B02D0786800F093FD7B681B685B69C2
:1077400003F04003402B0CBF01230023DBB2C7F83A
:10775000D4307B685B6C03F00803002B03D1D7F8AF
:10776000D430002B4FD0786800F09EFC7B681B68FB
:107770005B6903F04003402B41D17B681B681433E5
:10778000C7F89C30D7F89C3053E8003FC7F89830D2
:10779000D7F8983023F04003C7F8D0307B681B68D7
:1077A0001433D7F8D020C7F8A820C7F8A430D7F8EA
:1077B000A410D7F8A82041E80023C7F8A030D7F8D4
:1077C000A030002BD9D17B68DB6B002B13D07B68FA
:1077D000DB6B8A4A1A657B68DB6B1846FCF76EFB2D
:1077E0000346002B16D07B68DB6B1B6D7A68D26B6F
:1077F000104698470EE07868FAF7F8F80AE07868DB
:10780000FAF7F4F806E07868FAF7F0F87B680022F7
:107810005A648DE100BF8BE17B681B6B012B40F04C
:107820006781D7F8E43003F01003002B00F060818B
:10783000D7F8E03003F01003002B00F0598100234B
:10784000BB607B681B681B68BB607B681B685B68F0
:10785000BB60BB687B681B685B6903F04003402B1F
:1078600040F0CE807B68DB6B1B685B68A7F8BE309E
:10787000B7F8BE30002B00F0A9807B689B8DB7F86D
:10788000BE209A4280F0A2807B68B7F8BE20DA85DD
:107890007B68DB6BDB69B3F5807F00F088807B68F9
:1078A0001B680C33C7F88830D7F8883053E8003F9E
:1078B000C7F88430D7F8843023F48073C7F8B83021
:1078C0007B681B680C33D7F8B820C7F89420C7F83A
:1078D0009030D7F89010D7F8942041E80023C7F8EB
:1078E0008C30D7F88C30002BD9D17B681B681433CF
:1078F0007B677B6F53E8003F3B673B6F23F00103DF
:10790000C7F8B4307B681B681433D7F8B420C7F8C5
:107910008020FB67F96FD7F8802041E80023BB6720
:10792000BB6F002BE1D17B681B6814333B663B6E59
:1079300053E8003FFB65FB6D23F04003C7F8B03010
:107940007B681B681433D7F8B020FA66BB66B96E43
:10795000FA6E41E800237B667B6E002BE3D17B68E7
:10796000202283F842207B6800221A637B681B6810
:107970000C33FB64FB6C53E8003FBB64BB6C23F02F
:107980001003C7F8AC307B681B680C33D7F8AC2009
:10799000BA657B65796DBA6D41E800233B653B6D47
:1079A000002BE3D17B68DB6B1846FCF717FA7B688A
:1079B00002225A637B689A8D7B68DB8D9BB2D31A57
:1079C0009BB21946786800F0E3F8B3E07B689B8DC2
:1079D000B7F8BE209A4240F0AD807B68DB6BDB6974
:1079E000B3F5807F40F0A6807B6802225A637B68F3
:1079F0009B8D1946786800F0CBF89BE06F810008FA
:107A00007B689A8D7B68DB8D9BB2D31AA7F8CE304A
:107A10007B68DB8D9BB2002B00F08E80B7F8CE30F8
:107A2000002B00F089807B681B680C33BB63BB6B49
:107A300053E8003F7B637B6B23F49073C7F8C83037
:107A40007B681B680C33D7F8C8207A643B64396CB8
:107A50007A6C41E80023FB63FB6B002BE3D17B686E
:107A60001B6814337B627B6A53E8003F3B623B6ACE
:107A700023F00103C7F8C4307B681B681433D7F8C0
:107A8000C4203A63FB62F96A3A6B41E80023BB62A7
:107A9000BB6A002BE3D17B68202283F842207B68FD
:107AA00000221A637B681B680C333B613B6953E817
:107AB000003FFB60FB6823F01003C7F8C0307B6811
:107AC0001B680C33D7F8C020FA61BB61B969FA6949
:107AD00041E800237B617B69002BE3D17B680222B4
:107AE0005A63B7F8CE301946786800F051F823E0B1
:107AF000D7F8E43003F08003002B09D0D7F8E0304A
:107B000003F08003002B03D0786800F041FB14E001
:107B1000D7F8E43003F04003002B0ED0D7F8E03064
:107B200003F04003002B08D0786800F081FB04E0EC
:107B300000BF02E000BF00E000BFE837BD4680BDE7
:107B400080B483B000AF786000BF0C37BD465DF8ED
:107B5000047B704780B483B000AF786000BF0C37FF
:107B6000BD465DF8047B704780B483B000AF786099
:107B700000BF0C37BD465DF8047B704780B483B00E
:107B800000AF786000BF0C37BD465DF8047B7047DE
:107B900080B483B000AF78600B467B8000BF0C37A9
:107BA000BD465DF8047B704780B590B000AF78604B
:107BB0007B689B6BFB637B681B681B6803F48073AB
:107BC000002B37D1FB6B0022DA84FB6B1B6814336C
:107BD0007B627B6A53E8003F3B623B6A23F0800391
:107BE000BB63FB6B1B681433BA6B3A63FB62F96AC5
:107BF0003A6B41E80023BB62BB6A002BE5D1FB6B0B
:107C00001B680C333B613B6953E8003FFB60FB683A
:107C100043F040037B63FB6B1B680C337A6BFA61A8
:107C2000BB61B969FA6941E800237B617B69002B7C
:107C3000E5D102E0F86BFFF783FF00BF4037BD4698
:107C400080BD80B584B000AF78607B689B6BFB60C3
:107C5000F868FFF77FFF00BF1037BD4680BD80B5D5
:107C60009CB000AF78607B689B6BFB667B681B6891
:107C70001B6803F48073002B72D1FB6E0022DA853F
:107C8000FB6E1B680C33FB64FB6C53E8003FBB646A
:107C9000BB6C23F48073BB66FB6E1B680C33BA6E3F
:107CA000BA657B65796DBA6D41E800233B653B6D34
:107CB000002BE5D1FB6E1B681433BB63BB6B53E831
:107CC000003F7B637B6B23F001037B66FB6E1B68CD
:107CD00014337A6E7A643B64396C7A6C41E8002321
:107CE000FB63FB6B002BE5D1FB6E1B6814337B62DF
:107CF0007B6A53E8003F3B623B6A23F040033B66EC
:107D0000FB6E1B6814333A6E3A63FB62F96A3A6B96
:107D100041E80023BB62BB6A002BE5D1FB6E202249
:107D200083F84220FB6E1B6B012B19D1FB6E1B6885
:107D30000C333B613B6953E8003FFB60FB6823F079
:107D40001003FB65FB6E1B680C33FA6DFA61BB61B7
:107D5000B969FA6941E800237B617B69002BE5D1B1
:107D6000FB6E00225A63FB6E1B6B012B06D1FB6E70
:107D70009B8D1946F86EFFF70BFF02E0F86EFFF7D8
:107D8000F3FE00BF7037BD4680BD80B584B000AF44
:107D900078607B689B6BFB60FB6801225A63FB6821
:107DA0001B6B012B08D1FB689B8D5B089BB21946AE
:107DB000F868FFF7EDFE02E0F868FFF7DFFE00BFAE
:107DC0001037BD4680BD80B584B000AF7860002319
:107DD000FB607B689B6BBB60BB681B685B6903F0E7
:107DE0008003802B0CBF01230023DBB2FB60BB6848
:107DF00093F84130DBB2212B08D1FB68002B05D072
:107E0000BB680022DA84B86800F026F9BB681B68FA
:107E10005B6903F04003402B0CBF01230023DBB25E
:107E2000FB60BB6893F84230DBB2222B08D1FB68C1
:107E3000002B05D0BB680022DA85B86800F034F961
:107E4000BB685B6C43F01002BB685A64B868F9F712
:107E5000CDFD00BF1037BD4680BD80B586B000AFF8
:107E6000F860B9603B601346FB713BE03B6AB3F1DD
:107E7000FF3F37D0FBF76AFD02463B68D31A3A6AE8
:107E80009A4202D33B6A002B01D103233AE0FB68FC
:107E90001B68DB6803F00403002B23D0BB68802B36
:107EA00020D0BB68402B1DD0FB681B681B6803F00B
:107EB0000803082B16D100237B61FB681B681B6835
:107EC0007B61FB681B685B687B617B69F86800F01D
:107ED000EBF8FB6808225A64FB68002283F8402014
:107EE00001230FE0FB681B681A68BB681340BA687F
:107EF0009A420CBF01230023DBB21A46FB799A4257
:107F0000B4D0002318461837BD4680BD80B598B060
:107F100000AFF860B9601346FB80BA68FB689A62EC
:107F2000FB68FA889A85FB6800225A64FB68222263
:107F300083F84220FB68DB6B444ADA63FB68DB6B47
:107F4000434A1A64FB68DB6B424ADA64FB68DB6B0A
:107F500000221A6507F10803FB65FB68D86BFB6814
:107F60001B6804331946FB6D1A68FB88FBF7DEFEBD
:107F70000346002B08D0FB6810225A64FB682022BD
:107F800083F8422001235DE000233B61FB681B680E
:107F90001B683B61FB681B685B683B613B69FB6876
:107FA0001B69002B19D0FB681B680C333B643B6CCE
:107FB00053E8003FFB63FB6B43F48073BB65FB68D6
:107FC0001B680C33BA6DFA64BB64B96CFA6C41E897
:107FD00000237B647B6C002BE5D1FB681B681433AA
:107FE000FB62FB6A53E8003FBB62BB6A43F00103DC
:107FF0007B65FB681B6814337A6DBA637B63796BAE
:10800000BA6B41E800233B633B6B002BE5D1FB6877
:108010001B681433BB61BB6953E8003F7B617B691C
:1080200043F040033B65FB681B6814333A6D7A628A
:108030003B62396A7A6A41E80023FB61FB69002BE5
:10804000E5D1002318466037BD4680BD5F7C00083F
:108050008B7D0008C77D000880B489B000AF7860D0
:108060007B681B680C33FB60FB6853E8003FBB6018
:10807000BB6823F0C003FB617B681B680C33FA69A3
:10808000BA617B617969BA6941E800233B613B6968
:10809000002BE5D17B68202283F8412000BF2437E4
:1080A000BD465DF8047B704780B495B000AF786042
:1080B0007B681B680C337B637B6B53E8003F3B633F
:1080C0003B6B23F49073FB647B681B680C33FA6C86
:1080D0003A64FB63F96B3A6C41E80023BB63BB6B0A
:1080E000002BE5D17B681B6814333B623B6A53E885
:1080F000003FFB61FB6923F00103BB647B681B68E5
:108100001433BA6CFA62BB62B96AFA6A41E80023B6
:108110007B627B6A002BE5D17B681B6B012B19D13D
:108120007B681B680C33FB60FB6853E8003FBB6057
:10813000BB6823F010037B647B681B680C337A6C8C
:10814000BA617B617969BA6941E800233B613B69A7
:10815000002BE5D17B68202283F842207B68002237
:108160001A6300BF5437BD465DF8047B704780B585
:1081700084B000AF78607B689B6BFB60FB6800227B
:10818000DA85F868F9F732FC00BF1037BD4680BDCC
:1081900080B485B000AF78607B6893F84130DBB283
:1081A000212B3ED17B689B68B3F5805F14D17B683F
:1081B0001B69002B10D17B681B6AFB60FB681B8866
:1081C0001A467B681B68C2F308025A607B681B6A08
:1081D0009A1C7B681A6208E07B681B6A591C7A68E3
:1081E00011621A787B681B685A607B68DB8C9BB2D3
:1081F000013B9BB27A681946D184002B0FD17B6872
:108200001B68DA687B681B6822F08002DA607B6892
:108210001B68DA687B681B6842F04002DA60002362
:1082200000E0022318461437BD465DF8047B704712
:1082300080B582B000AF78607B681B68DA687B68C5
:108240001B6822F04002DA607B68202283F841201C
:108250007868FFF775FC002318460837BD4680BDD7
:1082600080B58CB000AF78600023FB620023BB6256
:108270007B6893F84230DBB2222B40F0AA807B6807
:108280009B68B3F5805F15D17B681B69002B11D10A
:108290007B689B6ABB627B681B685B689BB2C3F3AD
:1082A00008039AB2BB6A1A807B689B6A9A1C7B6837
:1082B0009A6224E07B689B6AFB627B689B68B3F5EB
:1082C000805F07D07B689B68002B0AD17B681B69A5
:1082D000002B06D17B681B685B68DAB2FB6A1A70F8
:1082E00008E07B681B685B68DBB203F07F03DAB2EF
:1082F000FB6A1A707B689B6A5A1C7B689A627B686F
:10830000DB8D9BB2013B9BB27A681946D185002B6D
:108310005DD17B681B68DA687B681B6822F02002ED
:10832000DA607B681B68DA687B681B6822F48072FD
:10833000DA607B681B685A697B681B6822F001025F
:108340005A617B68202283F842207B6800225A63AE
:108350007B681B6B012B35D17B6800221A637B681D
:108360001B680C337B617B6953E8003F3B613B69D1
:1083700023F010037B627B681B680C337A6A3A62D5
:10838000FB61F9693A6A41E80023BB61BB69002BD4
:10839000E5D17B681B681B6803F01003102B0AD122
:1083A0000023FB607B681B681B68FB607B681B68A5
:1083B0005B68FB60FB687B689B8D19467868FFF7FC
:1083C000E7FB02E07868FFF7CFFB002302E0002321
:1083D00000E0022318463037BD4680BD2DE9B04F7E
:1083E000C0B000AFC7F8F400D7F8F4301B681B69C1
:1083F00023F44050D7F8F430D968D7F8F4301A682D
:1084000040EA01031361D7F8F4309A68D7F8F430E2
:108410001B691A43D7F8F4305B691A43D7F8F43074
:10842000DB691343C7F8F830D7F8F4301B68DB6812
:1084300023F4164121F00C01D7F8F4301A68D7F86C
:10844000F8300B43D360D7F8F4301B685B6923F432
:108450004070D7F8F4309969D7F8F4301A6840EAD8
:1084600001035361D7F8F4301A688F4B9A4205D054
:10847000D7F8F4301A688D4B9A4204D1FDF7ECFD21
:10848000C7F8FC0003E0FDF7D3FDC7F8FC00D7F800
:10849000F430DB69B3F5004F40F00C81D7F8FC30C5
:1084A0000022C7F8E830C7F8EC20D7E93A45224661
:1084B0002B469118B9655B41FB65D7E91623214628
:1084C00012EB0108294643EB01094FF000024FF07F
:1084D00000034FEAC90343EA58734FEAC8029046C3
:1084E0009946234618EB0303C7F8E0302B4649EBC7
:1084F0000303C7F8E430D7F8F4305B680022C7F80C
:10850000D830C7F8DC20D7E936120B46DB183B65BC
:10851000134642EB03037B65D7E91423D7E93801FF
:10852000F8F7BAFB02460B46614BA3FB02235B093B
:108530001C01D7F8FC300022C7F8D030C7F8D4208F
:10854000D7E9348942464B469118B9645B41FB64D4
:10855000D7E91223414612EB010A494643EB010BCE
:108560004FF000024FF000034FEACB0343EA5A7387
:108570004FEACA0292469B4643461AEB0303C7F8EA
:10858000C8304B464BEB0303C7F8CC30D7F8F43078
:108590005B680022C7F8C030C7F8C420D7E93012A2
:1085A0000B46DB183B64134642EB03037B64D7E9BD
:1085B0001023D7E93201F8F76FFB02460B4611464C
:1085C0003B4BA3FB01235B09642202FB03F3CB1AA1
:1085D000DB0003F13202364BA3FB02235B095B0095
:1085E00003F4F8731C44D7F8FC300022C7F8B83005
:1085F000C7F8BC20D7E92E8942464B469118B9638B
:108600005B41FB63D7E90E23414651183963494664
:108610004B417B634FF000024FF00003D7E90CABF6
:108620005946CB00514643EA51735146CA001046A1
:108630001946034642469B18C7F8B0304B460A46D7
:1086400042EB0303C7F8B430D7F8F4305B6800227C
:10865000C7F8A830C7F8AC20D7E92A120B46DB18B8
:10866000BB62134642EB0303FB62D7E90A23D7E957
:108670002C01F8F711FB02460B460D4BA3FB02132E
:108680005B09642101FB03F3D31ADB003233084A90
:10869000A2FB03235B0903F00702D7F8F4301B6841
:1086A00022449A6006E100BF00100140001401401E
:1086B0001F85EB51D7F8FC300022C7F8A030C7F86F
:1086C000A420D7E9288942464B46911839625B417C
:1086D0007B62D7E9082341465418494643EB01051C
:1086E0004FF000024FF00003EB0043EA5473E20046
:1086F00014461D464346E318C7F898304B4645EBF1
:108700000303C7F89C30D7F8F4305B680022C7F841
:108710009030C7F894204FF000024FF00003D7E9E3
:10872000244529468B00214643EA917321468A005D
:10873000D7E92601F8F7B0FA02460B46604BA3FBD7
:1087400002235B091C01D7F8FC300022C7F88830EF
:10875000C7F88C20D7E9228942464B469118B96167
:108760005B41FB61D7E9062341465118396149460F
:108770004B417B614FF000024FF00003D7E904AB9F
:108780005946CB00514643EA51735146CA00104640
:108790001946034642469B18C7F880304B460A46A6
:1087A00042EB0303C7F88430D7F8F4305B6800224B
:1087B000BB67FA674FF000024FF00003D7E91E894C
:1087C00049468B00414643EA917341468A00D7E906
:1087D0002001F8F761FA02460B461146384BA3FB1D
:1087E00001235B09642202FB03F3CB1A1B01323322
:1087F000334AA2FB03235B0903F0F0031C44D7F8C0
:10880000FC3000223B677A67D7E91C8942464B4619
:108810009118B9605B41FB60D7E9022341465118CA
:10882000396049464B417B604FF000024FF0000336
:10883000D7E900AB5946CB00514643EA5173514644
:10884000CA0010461946034642469B18BB664B4673
:108850000A4642EB0303FB66D7F8F4305B6800225C
:108860003B667A664FF000024FF00003D7E91889A3
:1088700049468B00414643EA917341468A00D7E955
:108880001A01F8F709FA02460B460D4BA3FB021337
:108890005B09642101FB03F3D31A1B013233084A3D
:1088A000A2FB03235B0903F00F02D7F8F4301B6827
:1088B00022449A6000BF07F58077BD46BDE8B08FBF
:1088C0001F85EB5170B504460D4645EC104B16461E
:1088D00003F0E2FB51EC100B7EB1C5F30A53C3F178
:1088E0006B03002B09DD1B0503F17F55002405F503
:1088F000401522462B46F7F787FE41EC100B70BD62
:108900002DE9F04F9DB00E4615920022049018926A
:108910004FF000084FF0000917910A782B2A0D46F6
:1089200001F101011DD00BD80D2A06D8082AF3D871
:108930007AB100230B939A4683E0202AECD0F8E723
:108940002D2A10D10122691C17910B926A78002AF6
:1089500037D1159B1796002B40F0958542464B4624
:108960002AE00022EFE700210B91302A40F09B80A3
:108970006A7802F0DF02582A5AD102930B9B0193C6
:1089800018AB0093814A049819AB17A902F06EFC4A
:1089900010F00F06044605D0062E14D10135002331
:1089A00017950B93159B002B40F06F850B9B002BAD
:1089B000D4D0424609F1004343EC102B1DB0BDE872
:1089C000F08F0D46D1E7189A3AB135211AA803F075
:1089D0005DFC1899049803F023F8013E042E06D894
:1089E000DFE806F014031E211400DDE91A89E00512
:1089F00048BF49F0004929F000431B0D1B05002B1F
:108A0000D0D101F0D1FC22230360CBE7DDE91A834A
:108A1000199A23F4801302F2334243EA0259E6E73B
:108A2000DFF87091E3E76FF000494FF0FF38DEE7C1
:108A3000013517952B78302BFAD0002BB2D04FF0A0
:108A4000010A00272B460E97BB460A21184613F849
:108A5000014BA4F13002092A28D94D49012201F025
:108A600047FC002834D00020CDE9060022465C46B1
:108A7000652A01D0452A14D124B95AEA00033FF4EB
:108A800068AF0024179E731C179372782B2A73D03B
:108A90002D2A77D04FF0000CA2F13003092B7FD99B
:108AA000179600239EE04FF0000ACAE7BBF1080FBB
:108AB000D8BF0E9A1793DBBF01FB0242303A01FB8D
:108AC00007420E92C8BFA2F130070BF1010BBDE7C0
:108AD000179B5A1C17925A78BBF1000F33D006909F
:108AE0005C46A2F13003092B12D901230793BFE79B
:108AF000179B5A1C17925A780130302AF8D0A2F1ED
:108B00003103082B00F2C6840690179D002004460E
:108B1000303A00F1010310D006991944069120441F
:108B20000A23A04211D1082800F1010419DC0E9992
:108B30000A2303FB01230E930023179A511C17915C
:108B400052781846CDE75846D7E7082C04F10104BF
:108B500003DC0E9959430E91E3E7102CD8BF5F4315
:108B6000DFE70F28DCBF0A2303FB0727E4E7002128
:108B70000123CDE9061380E74FF0000CB31C1793D7
:108B8000B27889E74FF0010CF8E700BF14D2000873
:108B90002CD000080000F07F179B5A1C17925A78BF
:108BA000302AF9D0A2F13103082B3FF67AAF179B98
:108BB0000593A2F1300E013317931A78A2F1300118
:108BC00009293CD905995B1A082B44F61F633CDC44
:108BD0009E457146A8BF19460591BCF1000F02D011
:108BE000059B5B420593002C50D15AEA00007FF4AC
:108BF000D9AE079B002B7FF4ACAE692A29D026DCC6
:108C0000492A26D04E2A7FF4A4AEA14917A802F023
:108C10004FFD00283FF49DAE179B1B78282B2FD1CA
:108C20009C491AAA17A802F057FD052828D11B9BBA
:108C3000DDF8688043F0FF4949F4E009B2E60A2113
:108C400001FB0E22A2F1300EB5E70593C5E76E2AAF
:108C5000D9E7914917A802F02BFD00283FF479AE1F
:108C6000179B8E49013B17A8179302F021FD10B9FD
:108C7000179B01331793DFF834924FF0000891E609
:108C8000874801F0CDFB59EC108B8BE6DDE905320E
:108C90000E989B1ABBF1000F08BFA346102C0A9335
:108CA000A246A8BF4FF0100AF7F734FC092C804603
:108CB000894613DC0A9B002B3FF474AE0A9B73DDDC
:108CC000162B5ADC774901EBC301D1E9000142467A
:108CD0004B46F7F799FC8046894663E6714B03EBF8
:108CE000CA0353E91223F7F78FFC804638468946BA
:108CF000F7F710FC02460B4640464946F7F7CEFA16
:108D00000F2C80468946D5DD0A9BA4EB0A0A9A44BB
:108D1000BAF1000F40F397802AF00F061AF00F0AFD
:108D200051D1B6F59A7F5EDC0023DFF87CA13611C5
:108D3000404649461F46012E79D10BB180468946EF
:108D40005949A9F1547901EBC70142464B46D1E993
:108D50000001F7F759FC554B0A460B4054498B422A
:108D6000804640D8A1F580118B4286BFDFF8449140
:108D70004FF0FF3802F1547932E00A9AC4F125032A
:108D80009342C1DB474DC4F10F0405EBC4014246D9
:108D90004B46D1E90001F7F737FC0A9B1C1B05EB9A
:108DA000C405D5E9002394E71633ADDBDDE90523DF
:108DB0009A1A3C4B03EBC203D3E9002340464946D1
:108DC000F7F74CFD87E7374901EBCA0142464B46AE
:108DD000D1E90001F7F718FC80468946002EA0D1A2
:108DE00000230793A0E0002405940E940694049AAF
:108DF000DFF8B890222313604FF000080E9B002B81
:108E00003FF4D0AD1899049802F00AFE0699049830
:108E100002F006FEDDE9040102F002FE0E9904985C
:108E200002F0FEFD0498214602F0FAFDBAE5F207D1
:108E300004D5DAE90023F7F7E7FB012301377610C1
:108E40000AF1080A77E7CBD0CAF1000A4FEA2A16DE
:108E50001AF00F0A0DD11F2E2EDD002405940E945A
:108E60000694049A22234FF000084FF00009136083
:108E7000C4E70C4B03EBCA0340464946D3E9002341
:108E8000F7F7ECFC80468946002EA9D0E3E700BF47
:108E90003BD0000800D2000833D000086DD0000895
:108EA000FCD1000888D3000860D300080000F07FE0
:108EB0000000A07CFFFFEF7F16F0100318BF6A23AD
:108EC000764F0793404649460023F20704D5D7E979
:108ED0000023F7F799FB0123761007F10807F4D177
:108EE0000BB180468946079BB3B1C9F30A52C2F160
:108EF0006B03002B49460FDD1F2B57DD342BDEBFE4
:108F00004FF0FF33C2F14B0293404FF00008CCBF4B
:108F10004FF05C7903EA01090022002340464946EC
:108F2000F7F7DAFD002898D10E9B009304982346AA
:108F30005A46294602F0DCFD0E9000283FF453AF5C
:108F4000DDE905239B1A0A9A002AA8BF0023129381
:108F5000002422EAE273149305940E9B0498596846
:108F600002F020FD069000283FF441AF0E9B1A69E5
:108F7000023203F10C0192000C3001F042FA49EC8C
:108F8000108B04981AAA19A9CDE90C8903F0F4F8FA
:108F9000189000283FF42BAF0498012102F03EFE08
:108FA0000590034648B90023059320E74FF0FF32B0
:108FB00002FA03F303EA0808AEE7199D1A9A002D96
:108FC000ABBF129B149B149E129FACBFEF185E1B8D
:108FD000079BED1A1544324B013D9D42C2F136020A
:108FE0004FDA5B1B1F2BA2EB03024FF001013CDCAD
:108FF00001FA03FA4FF0000BBD18079BAF4216446D
:109000001E443B46A8BF2B46B342A8BF3346002BA5
:10901000C2BFED1AF61AFF1A129B002B16DDDDE90E
:1090200004011A4602F0BAFE05900028BBD00146A2
:10903000189A049802F008FE0F9000283FF4D7AE6B
:109040001899049802F0ECFC0F9B1893002D1BDC80
:109050000A9B002B26DD149A0699049802F09EFEC6
:109060000690F8B900230693C1E6C5F17F4505F5E2
:109070007F0505F57B45E23501FA05FB4FF0010A56
:10908000BAE74FF0000BF9E7189904982A4602F066
:10909000E1FE18900028DBD1A9E600BF28D2000825
:1090A00002FCFFFF002E07DD06990498324602F00D
:1090B000D1FE06900028D5D0002F08DDDDE904019F
:1090C0003A4602F0C7FE059000283FF490AE069A9B
:1090D0001899049802F048FF044600283FF487AE30
:1090E000C3680F9300230599C36002F021FF002895
:1090F0003CDA0F9B53EA08035ED1C9F313034D46D4
:10910000002B59D129F000431B0D1B05B3F1D66F7D
:1091100052D9636913B92369012B4DDD2146012220
:10912000049802F097FE0599044602F001FF00281A
:1091300042DDAD4B079A2B40002A5FD0B3F1D66FCA
:109140005CD8B3F15C7F7FF68CAEA84B40464946B5
:109150000022F7F759FAA44B0B4080468946002BB2
:109160007FF450AE049A222313604BE64D4662D141
:109170000F9AC9F3130342B39D4A934228D1079B28
:109180004146EBB1984B2B40B3F1D46F4FF0FF3217
:1091900019D81B0DC3F16B0302FA03F3994217D1DF
:1091A000944B9D4202D101313FF421AE8E4B2B40B6
:1091B00003F580194FF00008079B002BC5D121E66D
:1091C0004FF0FF33EAE71346E8E753EA0803B0D06D
:1091D000BBF1000F1BD01BEA050FEDD00F9B079AC8
:1091E00040464946B3B1FFF76DFBDDE90C0153EC96
:1091F000102BF7F753F880468946DDE7A3F5801377
:109200006FEA13596FEA09594FF0FF38D4E71AEAA9
:10921000080FE2E7FFF756FBDDE90C0153EC102BDA
:10922000F7F73AF80022002380468946F7F754FC06
:109230000028C1D015E60599204602F0F5FF57EC4D
:10924000106B00224FF0804330463946F7F758FC48
:10925000002870D00F9B002B7BD1B8F1000F56D1A6
:10926000C9F31303002B58D1634B00223046394613
:10927000F7F73CFC002859D1604B002230463946B4
:10928000F7F7C2F982468B460BF10043CDF820A0D8
:109290000993554B544A2B401393594B2A409A42F9
:1092A000DDE9086740F0B080A5F1547949EC108BF6
:1092B00002F0F2FEDDE9082351EC100BF7F7A4F9F8
:1092C00042464B46F6F7EAFF474D4E4A0D4095425F
:1092D000804645D90D9A474B9A4203D10C9B0133E6
:1092E0003FF485ADDFF80C914FF0FF3818990498E2
:1092F00002F096FB0699049802F092FBDDE9040166
:1093000002F08EFB0498214602F08AFB25E6B8F1B4
:10931000010F02D1002D3FF4A4AD9FED2B7BDFF8B0
:10932000D8B08DED087B4FF0000AB2E7DFF8CCB083
:109330004FF0000AA8E7314B002230463946F7F7D4
:1093400063F90F9B82468B46002B9DD0CDE908AB7D
:109350009FE79FED1F7B8DED087B5BEC17AB98E7DC
:1093600001F15479079B002BC0D129F00043139AD7
:109370001B0D1B059A42B9D150465946F7F7A4FC7C
:10938000F7F714F902460B4650465946F6F784FFA4
:109390000F9AC9F3130343EA0803134306460F4623
:1093A0006BD00DA3D3E90023F7F7A0FB00287FF4CF
:1093B00029AD0BA3D3E9002330463946F7F7B4FBB8
:1093C000002893D01EE500BF000000000000F0BFA1
:1093D000000000000000F03F9535A094FFFFDF3F44
:1093E00035E5AF350000E03F0000F07F0000503968
:1093F000FFFF0F00FFFFEF7F0000F03F0000E03FA6
:109400000000E07FFFFF9F7C079B13B3139BB3F12A
:10941000D46F1ED824A3D3E9002350465946F7F74A
:109420006FFB90B159465046F7F7C6FB012838BF8D
:109430000120F7F76FF80F9B82468B46D3B901F1F5
:10944000004310901193DDE91067139A07F1D6637A
:109450009F1A9DED0C0B02F01FFE304653EC102BB3
:109460003946F7F7D1F8DDE90C23F6F717FF804608
:10947000894677E7CDE910ABE5E70DA3D3E90023F3
:10948000F7F734FB9CE700230B93159A179B1360A7
:10949000FFF78CBA652A3FF46AAB452A3FF467AB05
:1094A00001230793FFF7A1BB0000C0FFFFFFDF41CF
:1094B0009535A094FFFFCF3F2DE9F041DFF8BC8048
:1094C000294B0A462DED028B0146D8F80000FFF724
:1094D00017FA55EC104B22462B4620462946F7F743
:1094E0002DFB90B1002D214809DA00F0A1FFB1EE6B
:1094F000408AB0EE480ABDEC028BBDE8F081BDECBD
:10950000028BBDE8F04100F093BF20462946F7F7F3
:1095100073FB08EE100ADFED167AB0EEC87AB4EEEF
:10952000677AF1EE10FA11DD25F00047114B4FF08C
:10953000FF3220463946F7F701FB80B90D4B4FF05B
:10954000FF3220463946F7F7DBFA40B918EE103AF9
:1095500013F0FF4FCDD1084B2B40002BC9D0D8F8CA
:10956000003022221A60C4E740000020FCD100082D
:10957000FFFF7F7FFFFFEF7F0000F07FAC01002047
:10958000242B2DE9F0478646904601D8012B06D1C1
:1095900000F00AFF162303600020BDE8F08734487E
:1095A0000D462A4615F8014B065D16F00806F8D15F
:1095B0002D2C10D12C780126951C33F0100215D1DA
:1095C000302C0DD12A7802F0DF02582A08D16C78AD
:1095D000023510230AE02B2C04BF2C78951CECE7F5
:1095E000002BF6D1302C14BF0A23082306F1004CBF
:1095F0000CF1FF3C0022BCFBF3F9104603FB19CA37
:10960000A4F13007092F0FD83C46A3421BDD571C9D
:1096100007D0814514D301D1A24511DB00FB0340E3
:10962000012215F8014BEBE7A4F14107192F01D8EE
:10963000373CEAE7A4F16107192F04D8573CE4E767
:109640004FF0FF32EDE7531C08D12223CEF8003053
:109650006046B8F1000FA0D0691E06E006B1404296
:10966000B8F1000F99D0002AF6D1C8F8001094E79D
:1096700051D2000813460A46014602480068FFF727
:109680007FBF00BFAC0100202DE9FF4757EC106BF6
:10969000002F0C4619463B46BBBF07F100431F464F
:1096A00000232D230B700D9BDDF830A0914623F095
:1096B0002008BCBF32461646B8F1460F05D0B8F1B7
:1096C000450F00D10134022100E0032103AB0193D7
:1096D00002AB009347EC106B5346224600F038FF74
:1096E000B8F1470F054619D119F0010F0ED000EB64
:1096F00004090022002330463946F7F7EDF908B196
:10970000CDF80C903022039B4B451ED3039B0E9A41
:109710005B1B2846136004B0BDE8F087B8F1460F24
:1097200000EB0409E5D10378302B0AD10022002395
:1097300030463946F7F7D0F918B9C4F10104CAF830
:109740000040DAF800309944D3E7591C03911A70AD
:10975000D9E7F7B50029BABF49422D232B230929A0
:109760000270437029DD0DF1070425460A272246C1
:10977000B1FBF7F607FB1613303302F8013C0B463A
:10978000632B04F1FF343146F1DC3031931E04F8D1
:10979000011C411C1C46AB420AD30DF109039B1A64
:1097A000A54238BF0023821C1344181A03B0F0BD31
:1097B00013F8016B01F8016FEDE73023303183704E
:1097C000C170031DF1E700002DE9F04F8DB00C468C
:1097D000DDF8588016461F46054600F09BFD0368DD
:1097E00006931846F6F74CFD00230A93D8F800308C
:1097F00094F818A0D4F800B00790073323F00703BB
:10980000B3EC027B8DED047BC8F80030DDE9048306
:1098100023F0004984ED127B9C4B4FF0FF32404611
:109820004946F7F78BF970BB984B4FF0FF32404633
:109830004946F7F765F930BBDDE904010022002352
:10984000F7F754F910B12D2384F84330904A914B27
:10985000BAF1470F8CBF90469846032323612BF043
:10986000040323604FF00009009733460BAA2146FA
:10987000284600F0D1F9013040F08C804FF0FF30E5
:109880000DB0BDE8F08FDDE9042310461946F7F767
:1098900055F940B1059B804A002BBCBF2D2384F8AD
:1098A00043307E4BD4E763685A1C0AF0DF093BD192
:1098B000062363604BF480620023226003930AABAB
:1098C000CDE901A309AB009361689DED040B0DF197
:1098D00023032846FFF7D8FEB9F1470F09998046C0
:1098E00029D1C81C02DB63688B4241DAAAF1020A63
:1098F0005FFA8AFA0139524604F150000991FFF7E4
:1099000028FF0A9A1318012A8146236102DC226883
:10991000D20701D5013323619DF82330002BA3D05A
:109920002D2384F843309FE7B9F1470FC2D1002BB4
:10993000C0D10123BDE7BAF1650FDBD9BAF1660FDB
:1099400018D1002963680BDD216113B92268D007A3
:1099500002D501330B442361A1654FF00009DBE719
:1099600013B92268D20701D50233F4E70123F2E7E5
:109970004FF0670A0A9B8B4205DC23682161D807F8
:10998000EAD54B1CE7E70029D4BFC1F1020201224E
:109990001344E0E723685A0507D423694246314659
:1099A0002846B84701302BD168E7BAF1650F40F27D
:1099B000DD80D4E9120100220023F7F78DF800289A
:1099C00033D0374A012331462846B84701303FF4A7
:1099D00055AFDDE90938434502DB2368D8070FD5C9
:1099E000DDE9062331462846B84701303FF446AF4B
:1099F0004FF0000908F1FF3804F11A0AC84509DCE4
:109A000023689B0700F10381E0680B9B9842B8BF75
:109A1000184635E70123524631462846B8470130FB
:109A20003FF42CAF09F10109E8E7099B002B39DC71
:109A30001B4A012331462846B84701303FF41EAF88
:109A4000DDE9093959EA030302D12368D907D7D5DB
:109A5000DDE9062331462846B84701303FF40EAF12
:109A60004FF0000A04F11A0B099B5B42534501DCDD
:109A70004B4693E701235A4631462846B847013002
:109A80003FF4FCAE0AF1010AEEE700BFFFFFEF7FF3
:109A900032D000082ED000083AD0000836D0000896
:109AA0003ED00008A36DDDF828A05345A8BF53465B
:109AB000002B994636DC4FF0000B29EAE97904F1D6
:109AC0001A02A36D0493A3EB09035B4531DC099BE8
:109AD0009A453ADC2368DA0737D4099BAAEB0309D5
:109AE000049BAAEB03039945A8BF9946B9F1000F5F
:109AF00033DC4FF0000829EAE97904F11A0B099BDD
:109B0000AAEB0303A3EB090343457FF779AF0123D6
:109B10005A4631462846B84701303FF4AFAE08F107
:109B20000108ECE7424631462846B8470130C2D129
:109B3000A4E60123314628460492B84701303FF499
:109B40009DAE049A0BF1010BBBE7DDE9062331461C
:109B50002846B8470130C0D190E6049A4B464244AB
:109B600031462846B8470130C3D187E6DDF828A042
:109B7000BAF1010F01DCDB0736D50123424631463D
:109B80002846B84701303FF479AEDDE90623314677
:109B90002846B84701303FF471AED4E912010022E3
:109BA00000230AF1FF3AF6F797FFC0B9534608F1D0
:109BB000010231462846B84701300CD15EE6012348
:109BC0005A4631462846B84701303FF457AE08F1AF
:109BD0000108D045F3DB4B4604F15002DFE64FF0BD
:109BE000000804F11A0BF4E701234246E1E70123E0
:109BF0004A4631462846B84701303FF43FAE08F1A7
:109C00000108E3680B995B1A4345F0DCFCE64FF072
:109C1000000804F11909F4E72DE9F04716469846C3
:109C20008A680B69DDF820909342B8BF1346336011
:109C300091F8432007460C460AB10133336023688C
:109C4000990642BF336802333360256815F0060574
:109C500006D104F1190AE36832689B1AAB4226DC8C
:109C600094F843302268003B18BF012392062BD49E
:109C700004F1430241463846C84701301ED02368EC
:109C8000226903F00603042B02BFE5683368ED1A6E
:109C9000A3680CBF25EAE57500259342C4BF9B1A53
:109CA000ED1800261A34B5421AD1002008E001232D
:109CB000524641463846C847013003D14FF0FF3085
:109CC000BDE8F0870135C6E7E1185A1C302081F85D
:109CD0004300224494F8451082F843100233C7E74A
:109CE0000123224641463846C8470130E6D00136B6
:109CF000D9E700002DE9F0430D7E85B0782D904620
:109D00000C9E07460C46994601F1430207D8622D86
:109D10000AD8002D00F0D780582D00F0BC8004F147
:109D2000420684F842503BE0A5F16303152BF6D8B8
:109D300001A151F823F000BF919D0008A59D0008E6
:109D40001F9D00081F9D00081F9D00081F9D000803
:109D5000A59D00081F9D00081F9D00081F9D00086D
:109D60001F9D0008AD9E0008CF9D00085F9E000863
:109D70001F9D00081F9D0008CF9E00081F9D000822
:109D8000CF9D00081F9D00081F9D0008679E0008CA
:109D900033681A1D1B68326004F1420684F84230B1
:109DA0000123A1E033682068191D3160060601D542
:109DB0001D6803E04506FBD5B3F90050002D03DA1A
:109DC0002D236D4284F843305B480A2311E021685B
:109DD0003368080653F8045B02D4490648BFADB2A5
:109DE0003360237E54486F2B5CD10823002184F814
:109DF00043106668A660002E05DB21682E4321F023
:109E00000401216050D01646B5FBF3F103FB115C51
:109E100010F80CC006F801CDAC4663450D46F3D9E9
:109E2000082B0BD12368DB0708D5236961689942A9
:109E3000DEBF302306F8013C06F1FF36921B22619B
:109E4000CDF80090434603AA21463846FFF7E4FECA
:109E500001304ED14FF0FF3005B0BDE8F0832368EC
:109E600043F0200323603548782584F84550236863
:109E7000316813F0800F51F8045B03D113F0400FE9
:109E800018BFADB23160D90744BF43F0200323604F
:109E90001DB11023AAE72848E7E7236823F0200331
:109EA0002360F6E70A23A1E71646B9E73368256879
:109EB0006169181D30602E061B6801D5196002E02B
:109EC0006806FBD51980002323611646B8E733687E
:109ED0001A1D32601E68626800213046F6F780F96C
:109EE00008B1801B606063682361002384F84330FD
:109EF000A6E72369324641463846C8470130A9D013
:109F000023689B0713D4E068039B9842B8BF1846A8
:109F1000A2E70123324641463846C847013099D06E
:109F20000135E36803995B1AAB42F2DCEBE70025ED
:109F300004F11906F5E700BF40D0000851D0000831
:109F4000002310B50446C0E90033C0E90433836040
:109F500081814366C2818361194608225C3000F02A
:109F6000BFF90D4B63620D4BA3620D4BE3620D4BCA
:109F700023630D4B24629C4206D003F16802944295
:109F800002D0D0339C4205D104F15800BDE8104006
:109F900000F034BA10BD00BF35A1000857A1000879
:109FA0008FA10008B5A1000850070020024A03490C
:109FB000034800F06BB800BF3400002061C90008FE
:109FC000B001002041680C4B994210B5044601D005
:109FD00002F0C6FCA168094B994202D0204602F06B
:109FE000BFFCE168064B994204D02046BDE8104012
:109FF00002F0B6BC10BD00BF50070020B80700201B
:10A00000200800200C4B0D4A0D4810B504211A60A1
:10A010000022FFF795FF0A4B01221C46092103F19C
:10A020006800FFF78DFF04F1D0000222BDE8104068
:10A030001221FFF785BF00BF88080020AD9F0008F0
:10A0400050070020014800F0DAB900BF9108002055
:10A05000014800F0D5B900BF9108002010B50446B2
:10A06000FFF7F0FF236A1BB1BDE81040FFF7F0BF18
:10A07000044B2362044B1B68002BF5D1FFF7C2FF92
:10A08000F2E700BFC59F0008880800202DE9F843CB
:10A090000746884614460026D4E90195B9F101091E
:10A0A00005D52468002CF7D13046BDE8F883AB898C
:10A0B000012B07D9B5F90E30013303D029463846B4
:10A0C000C04706436835E9E70CB430B5184B0C1EA1
:10A0D0001D689DB008DA8B232B604FF0FF301DB058
:10A0E000BDE8304002B070474FF40273ADF8143051
:10A0F0004FF000031B9314BF04F1FF332346049376
:10A1000007934FF6FF7302900690ADF81630209A31
:10A1100021AB02A92846019302F06AF9431CBCBF97
:10A120008B232B60002CDAD0029B00221A70D6E71A
:10A13000AC01002010B50C46B1F90E1000F010F97A
:10A140000028ABBF636DA3891B1823F48053ACBFF9
:10A150006365A38110BD2DE9F0411F468B89DB05A6
:10A1600005460C46164605D5B1F90E10022300220D
:10A1700000F0E4F8A389B4F90E1023F48053A3810E
:10A1800032463B462846BDE8F04100F0FBB810B52A
:10A190000C46B1F90E1000F0D1F8B4F90C30421CA5
:10A1A0000BBF23F4805343F48053A381A38118BFD2
:10A1B000606510BDB1F90E1000F0B0B8F8B50E46EC
:10A1C0001446054618B1036A0BB9FFF747FFA369A8
:10A1D000A360A3891A0701D5236943B921462846FC
:10A1E00000F02AF818B14FF0FF373846F8BD236861
:10A1F0002269981A6369F6B28342374605DC214624
:10A20000284602F0ADFB0028EDD1A368013BA36016
:10A2100023685A1C22601E706269431C9A4204D053
:10A22000A389DB07E1D50A2EDFD12146284602F0BB
:10A2300097FB0028D9D0D6E738B5284B05461868D3
:10A240000C4618B1036A0BB9FFF708FFB4F90C30DC
:10A250001A0721D4D80607D409222A6043F0400304
:10A26000A3814FF0FF3030E0590712D5616B41B147
:10A2700004F14403994202D0284600F045FF002330
:10A2800063630022B4F90C3062602269226023F01B
:10A29000240343F00803A38122693AB99A0501D542
:10A2A000180603D52146284602F0A6FBB4F90C3067
:10A2B00013F001020AD00022A26062695242A26138
:10A2C000226942B913F08000C8D138BD990758BF40
:10A2D0006269A260F4E70020F7E700BFAC0100204C
:10A2E00002440346934200D1704703F8011BF9E78B
:10A2F00010B56AB10139841810F8012B11F8013F2B
:10A300009A4203D1A04201D0002AF5D1D01A10BD43
:10A310001046FCE7004870473001002038B5064D74
:10A320000023044608462B60F8F774FE431C02D154
:10A330002B6803B1236038BD8C08002038B5074D69
:10A3400004460846114600222A601A46F8F789FE9C
:10A35000431C02D12B6803B1236038BD8C08002058
:10A3600038B5074D04460846114600222A601A46B1
:10A37000F8F717FE431C02D12B6803B1236038BDE8
:10A380008C08002038B5074D0446084611460022C7
:10A390002A601A46F8F722FE431C02D12B6803B14B
:10A3A000236038BD8C080020014B1868704700BF3F
:10A3B000AC01002070B50D4B0D4D5B1B9C100026B1
:10A3C000A64209D102F0E4FD0A4D0B4B5B1B9C1029
:10A3D0000026A64205D170BD55F8043B98470136CA
:10A3E000EEE755F8043B98470136F2E790D40008B1
:10A3F00090D4000890D4000894D4000870477047A7
:10A4000070470A44914200F1FF3300D1704710B504
:10A4100011F8014B03F8014F9142F9D110BD000032
:10A420009FED010B704700BF000000000000F87FA7
:10A430009FED010A704700BF0000C07F2DE9F74F74
:10A4400003690C69A34207467EDB013C01F1140855
:10A45000A30000F11405009305EB8403019358F861
:10A46000243055F8242001339A4208EB8409B2FBCA
:10A47000F3F62ED34FF0000AC446AE46D3465CF83E
:10A48000043B98B206FB00A0020C1B0C06FB032346
:10A49000DEF8002080B292B2121A5A44DEF80000B0
:10A4A0004FEA134A9BB2C3EB224303EB104392B231
:10A4B00042EA0342E1454EF8042B4FEA234BDED239
:10A4C000009BEB582BB9019B043B9D421A462FD3AE
:10A4D0003C61384601F02CFD002825DB2946002090
:10A4E00058F8042BD1F800C01FFA82FE1FFA8CF333
:10A4F000A3EB0E030344120CC2EB234202EB1C42FB
:10A500009BB243EA0243C14541F8043B4FEA224073
:10A51000E6D255F8242005EB840322B9043B9D4282
:10A520001A460BD33C610136304603B0BDE8F08FCC
:10A530001268043B002ACBD1013CC6E71268043BF9
:10A54000002AEFD1013CEAE70020EEE7000000001E
:10A550002DE9F04F99B08DED0E0B0C92C269229C43
:10A560000A9157EC106B8146139382B9102001F0C9
:10A5700051F90246C9F81C0020B9AB4BEF21AB489A
:10A5800002F0BEFA0023C0E901330360C360116822
:10A5900059B152684A60012393408B60484601F0EC
:10A5A0003FFAD9F81C3000221A60B7F10008B5BF95
:10A5B00001230023236023609D4BBCBF28F000488B
:10A5C000CDF83C8033EA08031AD1139AC8F3130874
:10A5D00042F20F7358EA0608136000F06885239B67
:10A5E00053B9944B21E0944B00930833239A1360A2
:10A5F000009819B0BDE8F08F8E4B00930333F5E758
:10A600009DED0E7B002251EC170B00238DED067B98
:10A61000F6F762FA824650B1139A01231360239B26
:10A6200013B1239A854B1360854B0093E0E79DEDB2
:10A63000060B16AA17A9484601F09EFD5FEA1854BA
:10A64000169D019079D0079BCDF850A0C3F313035A
:10A65000DDE9060143F07F5343F44013A4F2FF34D5
:10A6600019460022774BF5F717FE69A3D3E90023BB
:10A67000F5F7CAFF68A3D3E90023F5F70FFE0646F6
:10A6800020460F46F5F756FF65A3D3E90023F5F7FB
:10A69000BBFF02460B4630463946F5F7FFFD06463E
:10A6A0000F46F6F761FA002280460023304639460D
:10A6B000F6F71CFA48B14046F5F73CFF32463B46F8
:10A6C000F6F70AFA08B908F1FF38B8F1160F51D8B1
:10A6D0005D4B03EBC803D3E90023DDE90601F6F780
:10A6E00005FA002848D008F1FF38002312932D1BEB
:10A6F0006B1E089343BF0023C5F101070893002791
:10A70000B8F1000F3ADB089BCDF83480434408933E
:10A71000002309930A9B092B62D8052BC4BF043B75
:10A720000A930A9BA3F10203CCBF00240124032B4C
:10A7300062D8DFE803F05153362B179C2C4404F207
:10A740003243202BC1BFC3F1400308FA03F804F2DF
:10A75000124326FA03F3D6BFC3F1200348EA0300ED
:10A7600006FA03F0F5F7D6FE0122A1F1F873013CD9
:10A77000149275E70123B9E71290B8E7C8F1000316
:10A7800009930023A7EB08070D93C3E701230B935D
:10A790000C9B434405930133012B0493B8BF012361
:10A7A00006E001230B930C9B002B28DDCDE904333D
:10A7B000D9F81C000021042202F114059D4223D97E
:10A7C0004160484601F0EEF80090002840D11F4B50
:10A7D000024640F2AF11D2E60023E3E70023D6E7BA
:10A7E00001240023CDE90A344FF0FF33CDE90433CF
:10A7F000002212230C92DBE701230B93F4E70123E1
:10A80000CDE904331A46F5E701315200D4E700BF21
:10A8100061436F63A787D23FB3C8608B288AC63F66
:10A82000FB799F501344D33F77D000088ED00008A7
:10A830000000F07F73D000086AD000083FD0000805
:10A840003ED000080000F83F88D30008E6D000089A
:10A85000D9F81C30009A1A60049B0E2B00F2A180DC
:10A86000002C00F09E80B8F1000F36DD9E4B08F002
:10A870000F0203EBC20318F4807FD3E900AB4FEA69
:10A88000281516D0994BDDE90601D3E90823F5F721
:10A89000E5FFCDE9020105F00F050324934E75B9DC
:10A8A000DDE9020152465B46F5F7D8FF82468B464A
:10A8B0002DE09DED067B02248DED027BEEE7E9079E
:10A8C00008D550465946D6E90023F5F79DFE0134D8
:10A8D00082468B466D100836E1E700F0AD80C8F186
:10A8E0000005814B814E05F00F0203EBC203D3E953
:10A8F0000023DDE90601F5F787FE2D1182468B4620
:10A9000000230224002D40F08C80002BCED1129B1E
:10A91000002B00F09580764B002250465946F6F702
:10A92000E5F8002800F08C80049B002B00F0888064
:10A93000059B002B35DD08F1FF3302935046594645
:10A940006C4B0022F5F760FE059E82468B46013473
:10A950002046F5F7EFFD52465B46F5F755FE664B90
:10A960000022F5F79BFC0446A1F15075CDE9104596
:10A97000002E69D1614B002250465946F5F78CFCF8
:10A9800022462B4682468B46F6F7CEF8002840F04A
:10A990009482224605F1004350465946F6F7A6F840
:10A9A00020BB179B002BC0F26081B8F10E0F00F3A3
:10A9B0005C814D4B03EBC803D3E900AB0C9B002B30
:10A9C00080F2EE80049B002B00F3EA800ED14B4B0B
:10A9D000002250465946F5F717FE02460B46DDE9C0
:10A9E0000601F6F78DF8002800F06A8200252C4653
:10A9F0000C9B009EDB4302932746002429464846D1
:10AA000001F00EF8002F00F0C1802CB1BC4203D041
:10AA10002146484601F004F83946484601F000F85E
:10AA2000B4E0EA0705D5D6E90023F5F7EDFD0134DA
:10AA300001236D10083665E7DDE906AB022466E701
:10AA4000049ECDF8088083E7274B03EBC60353E948
:10AA500002010B9B002B55D002460B4600202849D3
:10AA6000F5F7FCFEDDE91023F5F716FC009BCDE9B8
:10AA700010019D191E4659465046F6F775F80446D2
:10AA8000F5F758FD02460B4650465946F5F704FCCB
:10AA90003034DDE9102306F8014B82468B46F6F789
:10AAA00025F8002872D152465B4611490020F5F77F
:10AAB000F3FBDDE91023F6F719F8002840F0B68023
:10AAC000AE423FF46EAFDDE910010A4B0022F5F70C
:10AAD0009BFD084BCDE91001002250465946F5F781
:10AAE00093FD82468B46C6E788D3000860D30008F2
:10AAF0000000F03F0000244000001C400000144013
:10AB00000000E03FDDE91023F5F77EFD009B009D8E
:10AB1000CDE910013344159359465046F6F724F811
:10AB20000446F5F707FD30340B46024659465046B9
:10AB3000F5F7B2FB05F8014B159B9D4282468B460B
:10AB400027D1009B0022DDE910011E44B34BF5F72D
:10AB5000A5FB02460B4650465946F5F7E5FF00288F
:10AB600064D1DDE91023AD490020F5F795FB0246DD
:10AB70000B4650465946F5F7B9FF00283FF411AF90
:10AB8000334616F8012D302AFAD01E46DDF808802B
:10AB90003AE0A34B0022F5F737FD82468B46BBE730
:10ABA000009E52465B46DDE90601F5F757FEF5F7D4
:10ABB000DBFF0746F5F7BEFC52465B46F5F724FD82
:10ABC00002460B46DDE90601F5F766FB07F1300C9E
:10ABD000009C06F801CBA6EB040C049C64450246DD
:10ABE0000B4633D1F5F75AFB52465B4604460D46F9
:10ABF000F5F79AFFC0B952465B4620462946F5F75D
:10AC00006BFF08B1FB070FD40199484600F008FF1D
:10AC10000023139A337008F101031360239B002B68
:10AC20003FF4E6AC1E60E3E4CDF8088033461E46F0
:10AC300013F8012D392A06D1009A9A42F7D1029AC7
:10AC400001320292302201321A709FE7744B0022C7
:10AC5000F5F7DAFC02460B46CDE906230022002375
:10AC6000F5F73AFF00289CD0CEE70B9A002A00F0B7
:10AC7000E3800A9A012A00F3C280149A002A00F0A5
:10AC8000BA8003F23343099D3E46089A01211A44D3
:10AC900048461F44089200F0C1FF044656B1089B85
:10ACA000002B07DDB342089AA8BF3346FF1AF61AF5
:10ACB000D31A0893099B0BB30B9B002B00F0C380A6
:10ACC000002D00F0BD8021462A46484601F066F876
:10ACD000019A01460446484600F0B6FF01998246B3
:10ACE000484600F09DFE099B5B1B099300F0AE8077
:10ACF000099A5146484601F051F801900121484611
:10AD000000F08CFF0D9B0546002B00F0D7811A4602
:10AD10000146484601F042F80A9B012B054600F324
:10AD20009D800E9B002B40F094800F9BC3F3130378
:10AD3000002B40F08E800F9B23F000431B0D1B0562
:10AD4000002B00F08980089B0133013708934FF0F6
:10AD5000010A0D9B002B00F0B7812B6905EB8303E3
:10AD6000186900F00FFFC0F12000089B184410F094
:10AD70001F007ED0C0F12003042B72DD089BC0F1C0
:10AD80001C000344074406440893002F05DD019985
:10AD90003A46484601F05EF80190089B002B05DD1D
:10ADA00029461A46484601F055F80546129B002BE5
:10ADB00061D00198294601F0BBF800285BDA08F160
:10ADC000FF330293019900230A22484600F04AFE0D
:10ADD0000B9B0190002B00F07981002321460A2271
:10ADE000484600F03FFE059B002B044672DC0A9BA0
:10ADF000022B49DC6EE0169BC3F1360343E7049B4C
:10AE00005D1E099BAB420DDB5D1B049B002BBFF657
:10AE10003BAF049BFE1A002337E700BF0000E03F72
:10AE200000002440099B0D9A0995EB1A1A440D92D3
:10AE3000049B3E46002528E7099D0B9C3E462DE7D6
:10AE4000DDF804A054E7099A019953E7CDF804A06E
:10AE500054E74FF0000A7CE79A467AE74FF0000A81
:10AE60007BE792D0089A1C331A441F441E44089270
:10AE70008BE70346F6E7049BCDF80880002B23DC24
:10AE800005930A9B022B21DD059B002B7FF4B0ADBF
:10AE900029460522484600F0E5FD01460546019891
:10AEA00001F046F800287FF7A3AD009E312306F895
:10AEB000013B029B013302939EE535462C46F4E7A5
:10AEC000049DCDF80880F9E7049B05930B9B002BAC
:10AED00000F00081002E05DD21463246484600F094
:10AEE000B9FF0446BAF1000F5AD06168484600F035
:10AEF00059FD064628B9824B024640F2EF21FFF782
:10AF00003EBB22690232920004F10C010C30FFF7C3
:10AF100078FA01223146484600F09CFF0746009B24
:10AF2000009A03F1010B059B134406930E9B03F05B
:10AF3000010308930BF1FF33294601980493FFF7AF
:10AF40007DFA2146059000F1300A019800F0F0FFEB
:10AF50003A4680462946484601F006F8C268064649
:10AF600002BB0146019800F0E3FF02463146484625
:10AF7000099200F055FDDDE9092342EA0301089B2F
:10AF800019435E4610D1BAF1390F2BD0B8F1000F3A
:10AF900002DD059B03F1310A049B83F800A02DE537
:10AFA0002746BCE70122E1E7B8F1000F06DB0A9B68
:10AFB00048EA0308089B58EA030820D1002AEBDD81
:10AFC00001990122484600F045FF2946019000F012
:10AFD000AFFF002803DCDFD11AF0010FDCD0BAF19B
:10AFE000390FD6D1049A3923137033461E46013BDC
:10AFF00016F8012C392A52D001321A70FEE4002AC8
:10B0000007DDBAF1390FEDD0049A0AF1010313708C
:10B01000F4E4069B0BF801AC5B452AD001990023B0
:10B020000A22484600F01EFDBC4201904FF000038A
:10B030004FF00A022146484606D100F013FD0446AF
:10B0400007460BF1010B75E700F00CFD394604468D
:10B0500000230A22484600F005FD0746F1E7059B5C
:10B060005E1E002B009BD8BF00265A1C27461644A4
:10B07000002401990122484600F0ECFE2946019087
:10B0800000F056FF0028B0DC02D11AF0010FACD15D
:10B0900033461E4613F8012D302AFAD0AEE4009A4A
:10B0A0009A42A3D1029B013302933123AFE7239B42
:10B0B000002B7FF498AA134BFFF7B7BA0A9B012B1A
:10B0C0007FF72FAEDDF834A001204EE6059B002B64
:10B0D0007FF7D7AE009E01982946FFF7AFF900F140
:10B0E000300A009B06F801ABF21A059B9342B6DDCD
:10B0F000019900230A22484600F0B4FC0190EAE7D7
:10B10000E6D000086AD0000838B50546002941D0CD
:10B1100051F8043C0C1F002BB8BFE41800F036FCBB
:10B120001D4A136833B9636014602846BDE838408F
:10B1300000F032BCA34208D9206821188B4201BF1D
:10B1400019685B6809182160EDE71A465B680BB166
:10B15000A342FAD911685018A0420BD120680144CB
:10B16000501883421160E0D118685B68536008444E
:10B170001060DAE702D90C232B60D6E7206821188B
:10B180008B4204BF19685B68636004BF09182160C3
:10B190005460CAE738BD00BF980800200369B3EBCC
:10B1A000611F2DE9F0434FEA611200F1140445DDFF
:10B1B00011F01F0104EB830604EB82050CD100F1B2
:10B1C00010072946B14234D39B1A9B00EA1E9642CF
:10B1D00038BF0023234415E054F82270C1F1200841
:10B1E000CF4005F1040EA1467645F44615D89A1ACB
:10B1F0009200043A0135AE4238BF0022A318A7508E
:10B2000007B104331A1BA3424FEAA20208BF00236E
:10B21000026108BF4361BDE8F083DCF800C00CFAAE
:10B2200008FC4CEA070749F8047B5EF8047BCF4032
:10B23000DAE751F804CB47F804CFC3E72346E1E748
:10B24000A0F13003092B02D82038C0B27047A0F11A
:10B250006103052B01D84738F7E7A0F14103052B1F
:10B2600001D82738F1E70020704700002DE9F04FA2
:10B2700085B08A4602930B68019090469C1CA146BB
:10B2800014F8010B3028FAD0A9EB0303A3F1020B49
:10B29000FFF7D6FF0546002868D1A049012248469D
:10B2A000FFF726F80746002867D199F801002646DF
:10B2B000FFF7C6FF002862D0234618783028994649
:10B2C00003F10103F9D0FFF7BBFFB0FA80F56D0978
:10B2D0004FF0010B4A46164601323078FFF7B0FFB7
:10B2E0000028F8D18D4901223046FFF701F80028E7
:10B2F0003FD144B9741C2246164601323078FFF71C
:10B300009FFF0028F8D1A41BA700337803F0DF03C8
:10B31000502B3ED173782B2B33D02D2B34D0711C76
:10B3200000240878FFF78CFF431EDBB2182B30D8BF
:10B33000A0F1100211F8010FFFF782FF00F1FF3CAE
:10B340005FFA8CFCBCF1180F4FF00A031ED904B150
:10B3500052421744CAF80010EDB1BBF1000F0CBF08
:10B3600006250025284605B0BDE8F08F00252C46AF
:10B37000B0E7002CC7D12746C7E74E462F46012528
:10B38000C3E70024B11CCCE70124FBE703FB020068
:10B39000CEE73146DEE7A6EB0903013B2946072B42
:10B3A0000ADC019800F0FEFA044640B95C4B024604
:10B3B000E4215C4801F0A4FB01315B10EFE700F1F0
:10B3C000140A002355469B46B14537D345F804BBC4
:10B3D000A5EB0A05AD102561584600F0D3FB6D01C1
:10B3E000D8F800602D1AB54254DDAD1B2946204621
:10B3F00000F06FFF814678B16B1E591103F01F02F8
:10B400005AF821104FF0010909FA02F20A4203D05A
:10B410004B4536DC4FF0020929462046FFF7BEFEB9
:10B420002F44D8F80830BB4242DA0198214600F098
:10B43000F7FA0E9A00231360A32593E716F8012D5F
:10B440002E2A12D0202B04D145F804BB4FF0000B5C
:10B450005B4630780393FFF7F3FE039B00F00F0089
:10B4600098404BEA000B0433AEE7B145EAD82B49CC
:10B47000039301223046FEF73BFF039B0028E1D1F6
:10B48000A2E7A91E204600F024FF0028C2D04FF0FA
:10B490000309C1E709DA751B214601982A4600F025
:10B4A000D9FC7F1B044600F1140A4FF00009B8E7ED
:10B4B000D8F80450BD426FDDED1BAE4234DCD8F845
:10B4C0000C30022B22D0032B24D0012B15D1AE42FD
:10B4D00013D1012E0BD1029AD8F804301360012346
:10B4E0002361CAF800300E9B62251C603AE7711E8A
:10B4F000204600F0EEFE0028EDD10198214600F034
:10B500008FFA0E9A0023136050252BE70F9B002B18
:10B51000F3D1E0E70F9B002BDDD1EEE72CD0000844
:10B52000E6D00008F7D000086F1EB9F1000F30D147
:10B5300027B13946204600F0CCFE81467A1101231E
:10B540005AF8222007F01F07BB4013422946204625
:10B5500018BF49F00209FFF721FED8F80470761BE6
:10B560000225B9F1000F47D0D8F80C30022B15D0C6
:10B57000032B17D0012B09D119F0020F06D0DAF8EE
:10B58000003049EA030919F0010F0ED145F010050A
:10B5900032E04FF00109D1E70125E2E70F9BC3F14B
:10B5A00001030F930F9B002BF0D0D4F810B004F1DF
:10B5B00014034FEA8B0A03EB8B014FF0000C184683
:10B5C00053F8042BB2F1FF3F1BD001320260022D71
:10B5D00004F114033CD1D8F80020013AB24209D159
:10B5E0007111012253F8213006F01F0602FA06F607
:10B5F0001E423AD145F020050E9B1C60029B1F6045
:10B60000B0E6994243F804CCD9D8A3689B4517DB30
:10B6100061680198013100F0C5F9814618B91A4BEB
:10B6200002468421C5E62269023204F10C0192002F
:10B630000C30FEF7E6FE2146019800F0F1F94C4689
:10B6400023695A1C04EB8303226101225A61BEE77D
:10B6500022695A450BDD01212046FFF79FFDD8F8EE
:10B6600008300137BB42FFF6E0AE0125C2E716F015
:10B670001F06FAD05344C6F1200653F8040C00F01C
:10B6800081FAB042E7DBF0E7E6D00008C2F1080239
:10B69000920070B5C2F120064368046803FA06F50B
:10B6A0002C43D340046040F8043F8842F4D370BD7B
:10B6B00030B50368013311F8014B14B90360012060
:10B6C00030BD13F8012BA2F14105192D98BF20328E
:10B6D000A242F0D00020F3E72DE9F04F0B6801689B
:10B6E0005E1102EB860613F01F0387B018BF043605
:10B6F0000025371F82469046019346F8045CB94600
:10B700003C460295AB464A784B1C039342B3104625
:10B7100005910492FFF794FD002853D1049A0599EE
:10B72000202A18D8029B9B4513DD4C4506D2072DD5
:10B7300004DC2A4649462046FFF7A8FF444554D971
:10B740000023A4F1040944F8043CCDF808B04C46A9
:10B750001D460399D7E7292A59D10231CAF80010AA
:10B76000BBF1000F53D04C4506D2072D04DC2A460E
:10B7700049462046FFF78AFF444538D9A8F104021C
:10B78000234653F8041B42F8041F9F42F9D23B1B87
:10B7900023F003030134033EB44288BF002308F1C1
:10B7A0000402134400211A4604339F421160FAD266
:10B7B0003B681BB9474528D101233B60052007B0F2
:10B7C000BDE8F08F0135082D0BF1010B06DD444576
:10B7D000BFD9002344F8043C0125043C226800F052
:10B7E0000F0040EA02102060B3E70825B1E7019B93
:10B7F000002BDDD0C3F120034FF0FF32DA4056F8C2
:10B80000043C134046F8043CD2E7043FD0E7042050
:10B81000D5E70000024B0146186800F025B800BFCC
:10B82000AC01002070B50F4E0C463168054611B9C9
:10B8300001F056F930602146284601F051F9431CC9
:10B8400003D14FF0FF34204670BDC41C24F0030424
:10B85000A042F8D0211A284601F042F90130F2D175
:10B86000EFE700BF940800202DE9F843CD1C25F038
:10B87000030508350C2D38BF0C25002D064601DBCD
:10B88000A94204D90C2333600020BDE8F883DFF817
:10B89000D48000F07BF8D8F800301C4644BB294621
:10B8A0003046FFF7BFFF431C044658D1D8F800408C
:10B8B0002746002F43D1002C4BD023683946304611
:10B8C00004EB030901F00CF9814542D121686D1A9E
:10B8D00029463046FFF7A6FF01303AD023682B44B3
:10B8E0002360D8F800305A6862BBC8F800700FE0D7
:10B8F0002268521B20D40B2A17D96119A342256054
:10B9000018BF5960636808BFC8F8001062514B60E7
:10B91000304600F041F804F10B00231D20F0070031
:10B92000C21A1CBF1B1AA350AFE76268A3420CBF28
:10B93000C8F800205A60EBE723466468AEE73C464F
:10B940007F68B6E71A465B68A342FBD100235360C9
:10B95000DEE70C233360304600F01EF894E7056004
:10B96000D6E700BF9808002082B001B901A942B112
:10B970004BB113780B601278101E18BF012002B073
:10B9800070471046FBE76FF00100F8E70148FEF74B
:10B9900036BD00BF900800200148FEF731BD00BF52
:10B9A0009008002070B5C46905460E4684B9102081
:10B9B000FFF730FF0446E86128B90246164B1748E6
:10B9C0006B2101F09DF80023C0E901330360C360DF
:10B9D000E36853B921220421284601F0AFF8EB694E
:10B9E000E060DB680BB9002070BD53F8260030B171
:10B9F000026843F826200023C0E90333F4E701215D
:10BA000001FA06F4621D9200284601F097F800281A
:10BA1000E9D0C0E90164EEE777D0000857D100080B
:10BA200070B5C66905460C4676B91020FFF7F2FEE0
:10BA30000246E86120B9094B09488F2101F060F8FE
:10BA4000C0E901660660C6603CB1EB696268DB680C
:10BA500053F82210216043F8224070BD77D00008CF
:10BA600057D100082DE9F0410D6907460C461E46E6
:10BA700001F1140C0020DCF8003099B202FB0161E6
:10BA80001E0C0B0C02FB063389B2013001EB0341A3
:10BA900085424CF8041B4FEA1346ECDC0EB3A36856
:10BAA000AB4219DC616838460131FFF77BFF804605
:10BAB00028B902460C4B0D48BA2101F021F8226941
:10BAC000023204F10C0192000C30FEF79AFC214680
:10BAD0003846FFF7A5FF444604EB850301355E6158
:10BAE00025612046BDE8F081E6D0000857D1000866
:10BAF0002DE9F8430C4615461F4609220833064631
:10BB000093FBF2F3002101229A4209DB3046FFF752
:10BB100049FF40B90246194B1948D32100F0F0FF04
:10BB200052000131F0E7089B4361092D4FF00103FA
:10BB3000036116DD04F10908C1462C4419F8013BE4
:10BB40000146303B0A223046FFF78CFFA145F5D174
:10BB5000A844A8F108042D1B63199F4204DCBDE82A
:10BB6000F8830A340925F6E714F8013B0146303B17
:10BB70000A223046FFF776FFEEE700BFE6D0000866
:10BB800057D10008B0F5803F034636BF03040020BC
:10BB90001020B3F1807F3CBF1B020830B3F1805FFF
:10BBA0003CBF1B010430B3F1804F3CBF9B0002300F
:10BBB000002B05DB13F0804F00F1010008BF2020AF
:10BBC00070470368024613F007000BD0D90721D451
:10BBD000980749BF5B089B08012013605CBF136096
:10BBE0000220704799B209B91B0C1020D9B209B9CB
:10BBF00008301B0A190704BF1B090430990704BF4A
:10BC00009B080230D90703D45B0800F1010003D080
:10BC100013607047002070472020704710B50C4615
:10BC20000121FFF7BFFE024628B9054B054840F247
:10BC3000451100F065FF01234461036110BD00BFA1
:10BC4000E6D0000857D100082DE9F04FD1F8109048
:10BC5000D2F810A0D14585B08846144604DB53467F
:10BC60000C46CA4690469946A36861680AEB0906E5
:10BC7000B342B8BF0131FFF795FE30B90246454BDC
:10BC800045484FF4B17100F03BFF00F1140505EB9E
:10BC900086072B460022BB421FD304F1140C08F187
:10BCA00014010CEB8A0301EB890202921A1B153A6C
:10BCB00022F0030215349C4288BF00220192029AAE
:10BCC00003918A420CD8002E03DD57F8043D002B67
:10BCD0005DD0066105B0BDE8F08F43F8042BDAE7CC
:10BCE000B1F800A0BAF1000F24D0E046A9464FF009
:10BCF000000E58F8042BD9F800401FFA82FBA4B2BA
:10BD00000AFB0B444FEA124BD9F8002074444FEA67
:10BD1000124E0AFB0BE202EB1442A4B244EA0244C4
:10BD2000434549F8044B4FEA124EE2D8019AAA184B
:10BD3000C2F804E0039AB2F802800431B8F1000FAF
:10BD400023D02A68E6469146AA464FF0000BBEF87B
:10BD5000004008FB04B404EB194492B242EA0442E6
:10BD60004AF8042B5EF8042BDAF800904FEA124BE5
:10BD70001FFA89F208FB0B2202EB144273454FEACB
:10BD8000124BE4D8019C2C196260043597E7013E00
:10BD900099E700BFE6D0000857D100082DE9F84325
:10BDA000174612F0030280460D4607D0264C013A92
:10BDB000002354F82220FFF755FE0546BF103FD060
:10BDC000D8F81C4094B91020FFF724FD0446C8F8A9
:10BDD0001C0030B902461D4B1D4840F2B31100F063
:10BDE0008FFE0023C0E901330360C360A66846B933
:10BDF00040F271214046FFF711FF0023A060064684
:10BE000003602C464FF0000907F001037F1053B187
:10BE1000294632464046FFF717FF21460546404671
:10BE2000FFF7FEFD67B1306838B93246314640460B
:10BE3000FFF70AFF3060C0F8009006462C46E3E7A3
:10BE40002846BDE8F88300BF54D3000877D0000827
:10BE500057D100082DE9F84F0C464968236903EBD8
:10BE60006218A368074615464FEA621A08F10109ED
:10BE70004B450BDB3846FFF795FD064648B90246B1
:10BE8000294B2A484FF4EF7100F03AFE01315B0074
:10BE9000EEE7002300F1140C00F11002194653459F
:10BEA00035DB22692AEAEA7A0CEB8A0C04F11403E6
:10BEB00015F01F0E614603EB82022CD0CEF1200A52
:10BEC000002518688B4600FA0EF02843CBF80000D6
:10BED00053F8045B9A4201F1040125FA0AF5F0D8FF
:10BEE000131B153B23F0030304F115018A4238BFED
:10BEF00000239C44CCF8045005B9C1463846C6F826
:10BF000010902146FFF78CFD3046BDE8F88F42F8CF
:10BF1000041F0133C3E753F8045B0D609A4201F13B
:10BF20000401F8D8E9E700BFE6D0000857D10008BF
:10BF30000A6903460069801A30B50ED114331431F2
:10BF400003EB820401EB820154F8045D51F8042DE7
:10BF5000954203D005D24FF0FF3030BDA342F3D35A
:10BF6000FBE70120F9E700002DE9F74F8A46064676
:10BF7000114650461446FFF7DBFF051E12D1294635
:10BF80003046FFF70FFD024628B9414B40F23721FA
:10BF9000404800F0B5FD0123C0E90435104603B068
:10BFA000BDE8F08FBCBF5346A2463046DAF8041015
:10BFB000BABF1C4601250025FFF7F4FC024618B95C
:10BFC000334B40F24521E3E7DAF810702669C5608B
:10BFD0000AF1140904F1140E00F114050AF110031A
:10BFE00009EB87080EEB86060193AB464FF0000C79
:10BFF000019B5EF8040B53F804AF01931FFA8AF318
:10C00000194683B2CB1A000C6344C0EB1A4000EB14
:10C0100023409BB243EA004376454BF8043B4FEA8A
:10C02000204CE5D8331B153B153423F00303A642FF
:10C0300038BF0023E8184B441C1D04302646A5EBEE
:10C040000905464506EB050E0ED308F10301091B51
:10C0500021F003010133984538BF0021014451F814
:10C06000043D9BB1176199E756F8041BE2464FEA7D
:10C0700011491CFA81FC514409EB2C4989B241EA6F
:10C0800009414FEA294CCEF80010DAE7013FE6E714
:10C09000E6D0000857D1000882B08DED000B019A60
:10C0A0000F4B1340A3F15073002B08DC5B42B3F13C
:10C0B000A07F4FEA235204DA4FF4002313410022F9
:10C0C00008E0A2F114031E2BDABF4FF00042DA4061
:10C0D000012200231946104641EC100B02B07047B4
:10C0E0000000F07F2DE9F041066900F1140808EB2B
:10C0F0008606371F56F8042C1046FFF743FDC0F1A3
:10C1000020030A280B601B4915DCC0F10B0C22FA36
:10C110000CF3B84543EA010534BF56F8083C002348
:10C12000153002FA00F023FA0CF303431C4645ECE9
:10C13000104BBDE8F081B8453ABF56F8083CA6F16F
:10C14000080700230B3812D0C0F1200123FA01F4B4
:10C1500082402243474542F07F558CBF57F8042C5C
:10C1600000228340CA4045F440151343DEE742EA0B
:10C170000105DBE70000F03F2DE9F7430F46012101
:10C1800059EC108B1646FFF70DFC044630B90246F9
:10C19000234B244840F20F3100F0B2FCC9F30A559A
:10C1A000C9F313030DB143F480130193B8F10003F5
:10C1B00023D068460093FFF704FD0099D8B1019A97
:10C1C000C0F1200302FA03F30B43C2406361019202
:10C1D000019BA361002B0CBF012202222261A5B1A9
:10C1E000A5F2334505443D60C0F13500306020467E
:10C1F00003B0BDE8F0836161EAE701A8FFF7E1FC65
:10C20000019B636120300122E8E704EB8203A0F286
:10C21000324038601869FFF7B5FCC0EB4210E5E723
:10C22000E6D0000857D100082DE9F04F85B0CDE9E0
:10C23000001002A9FFF756FF009803A955EC104B18
:10C24000FFF750FF019B1969009B1B69C91ADDE9C3
:10C2500002329B1A5BEC10AB03EB4113002BCEBFF9
:10C260002A46C3EB03335A462F46D946CCBF02EBCE
:10C27000035702EB03594B46524620463946F4F722
:10C28000EDFA41EC100B05B0BDE8F08F013970B547
:10C2900049111469013102F1140300EB810103EB30
:10C2A0008404051FA3420CD3A31A113B23F00303FC
:10C2B0001132944238BF002318440023884205D32A
:10C2C00070BD53F8046B45F8046FEBE740F8043B8E
:10C2D000F4E700F1140200694B11984210B511DB2C
:10C2E0000ADD11F01F0107D052F8234024FA01F0B3
:10C2F00000FA01F18C420BD102EB8303934203D885
:10C30000002010BD0346F7E753F8041D0029F5D0BF
:10C310000120F6E70346084641B1FF2A04D98A22E4
:10C320001A604FF0FF3070470A70012070472DE906
:10C33000F0478E681F46BE4282460C469046334602
:10C3400053D8B1F90C0010F4906F2BD065692368B5
:10C35000096905EB4505A3EB010905EBD5757B1CC8
:10C360006D104B44AB422A4684BF1D462A46430506
:10C3700027D511465046FFF777FA064658B321698C
:10C380004A46FEF73EF8A38923F4906343F0800306
:10C39000A381266165614E44A5EB09052660A56071
:10C3A0003E463B461F4620683A46414600F05DFB4C
:10C3B000A3689B1BA36023683B4423600020BDE867
:10C3C000F087504600F0CEFB06460028E1D12169F7
:10C3D0005046FEF799FE0C23CAF80030A38943F0BB
:10C3E0004003A3814FF0FF30E9E73E46DBE7000062
:10C3F0002DE9F0471F468B891B069CB006460D466B
:10C40000144610D50B6973B94021FFF72DFA286047
:10C41000286130B90C2333604FF0FF301CB0BDE809
:10C42000F08740236B610023099320238DF8293086
:10C4300003973023654F8DF82A304FF001082346CB
:10C44000994613F8012B0AB1252AF9D1B9EB040A50
:10C450000BD05346224629463046FFF768FF01308D
:10C4600000F0A480099A5244099299F80030002BF8
:10C4700000F09C8000234FF0FF32CDE9052309F145
:10C480000109049307938DF853301A934C464F4893
:10C4900014F8011B0522F3F7A3FE049BD0B9D806BC
:10C4A00044BF20228DF85320190744BF2B228DF85A
:10C4B000532099F800202A2A13D0079A4C460020CE
:10C4C0004FF00A0C214611F8013B303B092B49D9AA
:10C4D00068B913E0C01B08FA00F018430490A146A5
:10C4E000D4E7039A111D12680391002A01DB079219
:10C4F00004E0524243F002030792049323782E2B68
:10C500000AD163782A2B32D1039B1A1D1B68039230
:10C5100043EAE37302340593DFF8C09021780322E5
:10C520004846F3F75DFE38B1049BA0EB09004022BA
:10C53000824013430134049314F8011B24488DF8FE
:10C5400028100622F3F74CFE002835D0214818BBEE
:10C55000039B073323F0070308330393099B03442A
:10C5600009936CE70CFB02320C460120AAE700237A
:10C570000134059319464FF00A0C204610F8012BA0
:10C58000303A092A03D9002BC6D00591C4E70CFB29
:10C59000012104460123F0E703AB00932A460E4B2A
:10C5A00004A93046FDF710F9421CD7D1AB895B06D0
:10C5B0003FF532AF099831E703AB00932A46064BAB
:10C5C00004A93046FDF796FBEEE700BFB0D10008A6
:10C5D000BAD10008C99700082FC30008B6D10008D7
:10C5E0009368013B002B10B4936008DA9469A3426E
:10C5F00001DB0A2903D15DF8044BFDF7DFBD1368A9
:10C60000581C1060197008465DF8044B7047F8B567
:10C6100006460F461446D518AC4201D1002007E06B
:10C6200014F8011B3A463046FFF7DAFF431CF3D1FA
:10C63000F8BD00002DE9F0470D469CB014461F469A
:10C64000064618B1036A0BB9FDF708FD6B6ED907F2
:10C6500005D4AB899A0502D4A86DFDF7D0FEAB894D
:10C660001B0701D52B699BB929463046FDF7E4FD30
:10C6700070B16B6EDC0704D54FF0FF301CB0BDE825
:10C68000F087AB899805F7D4A86DFDF7B9FEF3E7FD
:10C690000023099320238DF82930039730236A4F14
:10C6A0008DF82A304FF001082346994613F8012BE4
:10C6B0000AB1252AF9D1B9EB040A0BD05346224618
:10C6C00029463046FFF7A3FF013000F0A480099A05
:10C6D0005244099299F80030002B00F09C8000230E
:10C6E0004FF0FF32CDE9052309F1010904930793C7
:10C6F0008DF853301A934C46534814F8011B052209
:10C70000F3F76EFD049BD0B9D90644BF20228DF803
:10C7100053201A0744BF2B228DF8532099F800208C
:10C720002A2A13D0079A4C4600204FF00A0C2146C3
:10C7300011F8013B303B092B49D968B913E0C01B04
:10C7400008FA00F018430490A146D4E7039A111D9B
:10C7500012680391002A01DB079204E0524243F081
:10C7600002030792049323782E2B0AD163782A2B95
:10C7700032D1039B1A1D1B68039243EAE373023410
:10C780000593DFF8D490217803224846F3F728FD7B
:10C7900038B1049BA0EB09004022824013430134CE
:10C7A000049314F8011B29488DF828100622F3F78A
:10C7B00017FD00283ED0264818BB039B073323F003
:10C7C000070308330393099B034409936CE70CFBAD
:10C7D00002320C460120AAE70023013405931946D2
:10C7E0004FF00A0C204610F8012B303A092A03D9E1
:10C7F000002BC6D00591C4E70CFB012104460123A0
:10C80000F0E703AB00932A46124B04A93046FCF72D
:10C81000DBFF431CD7D16B6ED90705D4AB899A05D2
:10C8200002D4A86DFDF7ECFDAB895B063FF524AFA4
:10C83000099823E703AB00932A46064B04A9304628
:10C84000FDF758FAE5E700BFB0D10008BAD10008FB
:10C85000C99700080FC60008B6D10008B1F90C202E
:10C860002DE9F041160705460C4651D44B68002BC4
:10C8700002DC0B6C002B49DDE66A002E46D000235B
:10C8800012F480522F682B6031D0626DA389590752
:10C8900005D56368D21A636B0BB1236CD21A0023DF
:10C8A000E66A216A2846B047421CB4F90C3006D12A
:10C8B00029681D2946D8294ACA40D60742D50022F0
:10C8C0006260D9042269226004D5421C01D12B6820
:10C8D00003B96065616B2F60C1B104F144039942F3
:10C8E00002D02846FEF710FC002363630EE0216AA5
:10C8F00001232846B0470246501CC7D12B68002BA5
:10C90000C4D01D2B01D0162B1AD12F6000201EE0A1
:10C910000F69002FFAD093070E6808BF4B690F60AC
:10C9200018BF0023A6EB07088B60B8F1000FEDDD00
:10C93000216AA66A43463A462846B047002808DCE2
:10C94000B4F90C3043F04003A3814FF0FF30BDE851
:10C95000F0810744A8EB0008E7E700BF0100402092
:10C9600038B50B6905460C4613B90025284638BD75
:10C9700018B1036A0BB9FDF771FBB4F90C30002B49
:10C98000F3D0626ED00704D4990502D4A06DFDF7F0
:10C9900036FD28462146FFF761FF636EDA0705463C
:10C9A000E4D4A3899B05E1D4A06DFDF729FDDDE763
:10C9B00070B50C46B1F90E10002996B015461E460A
:10C9C0000ADAA18911F0800113D14FF480620020AE
:10C9D00031602A6016B070BD6A4600F05FF800282A
:10C9E000EFDB019901F47041A1F50053594259411F
:10C9F000EBE700214022EAE78B8973B59E070546E5
:10CA00000C4607D504F147032360236101236361CA
:10CA100002B070BD01AB6A46FFF7CAFF009E284610
:10CA20003146FEF721FFB4F90C3038B99A05EFD43E
:10CA300023F0030343F00203A381E3E743F0800301
:10CA4000A381019B2060C4E90406002BE0D0B4F967
:10CA50000E10284600F034F80028D9D0A38923F01E
:10CA6000030343F00103A381D2E7884210B501EB31
:10CA7000020402D98442234607D8431EA14207D0AC
:10CA800011F8012B03F8012FF8E70244824200D18C
:10CA900010BD13F8011D02F8011DF7E738B5074D69
:10CAA00000230446084611462B60F6F7BFFA431CE4
:10CAB00002D12B6803B1236038BD00BF8C08002071
:10CAC00038B5064D0023044608462B60F6F7BEFA3B
:10CAD000431C02D12B6803B1236038BD8C080020B1
:10CAE00038B5064D0023044608462B60F6F7C6FA13
:10CAF000431C02D12B6803B1236038BD8C08002091
:10CB00001FB514461A46094B1B680546D8684CB138
:10CB1000074B0091CDE9013406492B4600F050F84F
:10CB200000F060F8044B1C46F3E700BFAC010020A6
:10CB3000C1D10008CED10008FCD1000870B5A1FB1E
:10CB4000025434B92946FEF78FFE064628B930460E
:10CB500070BD0C2202600026F9E72A462146FDF747
:10CB6000BFFBF4E72DE9F041074614460D4621B915
:10CB7000BDE8F0411146FEF777BE2AB9FEF7C4FAC8
:10CB800025462846BDE8F08100F033F88442064689
:10CB900002D8B4EB500FF4D821463846FEF764FEB5
:10CBA000804608B94546ECE7B4422246294628BFEC
:10CBB0003246FDF726FC29463846FEF7A5FAF1E78E
:10CBC0000EB403B5014603AB054853F8042B0068C7
:10CBD0000193FFF72FFD02B05DF804EB03B070473F
:10CBE000AC01002008B5062000F034F80120F6F76B
:10CBF000CDF951F8043C181F002BBCBF0B58C018CE
:10CC000070471F2938B505460C4604D91623036022
:10CC10004FF0FF3038BDC26B12B152F821304BB922
:10CC2000284600F031F8224601462846BDE8384043
:10CC300000F018B8012B0AD0591C03D11623036049
:10CC40000120E7E7002142F8241020469847002001
:10CC5000E0E70000024B01461868FFF7D2BF00BFB3
:10CC6000AC01002038B5074D0023044608461146A4
:10CC70002B60F6F77BF9431C02D12B6803B12360CC
:10CC800038BD00BF8C080020F6F768B900F000B886
:10CC900010B582B0CDED010A019B23F00042B2F144
:10CCA000FF4FF0EE407A30D810EE100A20F000412D
:10CCB000B1F1FF4F29D8B3F17E5F3ED09C1704F04D
:10CCC000020444EAD07431B37AB3B2F1FF4F3FD0DB
:10CCD000B1F1FF4F29D0891AB1F1F45F4FEAE15267
:10CCE00033DA002B41DA3C323FDA9FED330A012C74
:10CCF0004DD0022C42D064B19FED307ADFED307A16
:10CD000030EE070A30EE670A03E09DED017A37EE58
:10CD1000270A02B010BD022C0CD09FED2A7A032CFA
:10CD200008BFB0EE470A02B010BD00280ADB9FED35
:10CD3000260AEEE79FED220AEBE702B0BDE81040BD
:10CD400000F04CB89FED210AE3E79FED1F0ACEE704
:10CD5000B1F1FF4F04F1FF3420D0022C26D81C4B38
:10CD600003EB840393ED000AD3E79DED017A87EE90
:10CD7000870A00F005F900F031F8B8E79FED0F7A67
:10CD8000DFED0F7A30EE070A37EEC00AC1E710EE8A
:10CD9000103A03F1004300EE103ABAE7022C08D82B
:10CDA0000C4B03EB840393ED000AB2E79FED020AFC
:10CDB000AFE79FED090AACE7000000002EBDBB33D2
:10CDC000DB0F4940DB0F49C0DB0FC93FDB0FC9BF99
:10CDD00050D400085CD40008DB0F493F38B510EE92
:10CDE000105A25F00044B4F1A14FF0EE407A07D379
:10CDF000B4F1FF4F55D8002D77DD9FED4E0A38BDB9
:10CE00004D4B9C425CD8B4F1445F4DD34FF0FF339F
:10CE100027EEA76A9FED495A9FED497ADFED495AFF
:10CE2000DFED494A66EE066A5A1CA6EE857AE6EE02
:10CE3000A54A9FED465ADFED465AA7EE265AE4EE84
:10CE4000A65A9FED447ADFED444AA5EE267AE5EE38
:10CE5000A64A9FED425ADFED425AA7EE265A9FEDB1
:10CE6000417AA4EEA67AE5EE265A27EE267AA5EEBA
:10CE7000867A27EE877A3BD03B493C4A01EB830117
:10CE8000D1ED006A37EE667A02EB8303D3ED006AD8
:10CE900037EE677A002D36EEC70AB0DAB1EE400AF7
:10CEA00038BD30EE000A38BD9FED317A30EE077A9A
:10CEB000F7EE006AB4EEE67AF1EE10FAA6DD38BDC0
:10CEC00000F05EF82B4B9C4215D8A3F5D0039C4292
:10CED00026D8F0EE007ABFEE007AA0EE277A002383
:10CEE00030EE270AC7EE007A92E79FED230A38BD9D
:10CEF00037EEC70A38BD214B9C420BD8F7EE087AB3
:10CF0000B7EE007AA0EE277A022330EE670AC0EE71
:10CF1000077A7DE7BFEE007AC7EE007A032377E752
:10CF2000F7EE007A30EE677A30EE270A0123C7EE7B
:10CF3000007A6DE7DB0FC93FFFFFDF3ED769853C15
:10CF400059DA4B3D21A215BD6BF16EBD356B883DA5
:10CF500095879DBD6E2EBA3D388EE3BD2549123EA4
:10CF6000ABAAAA3ECDCC4CBE68D4000878D4000849
:10CF7000CAF24971FFFF973FDB0FC9BFFFFF1B409C
:10CF800010EE103A23F0004300EE103A704700BF55
:10CF9000F8B500BFF8BC08BC9E467047F8B500BFA6
:08CFA000F8BC08BC9E46704776
:10CFA80024434D442C000000245049442C00000028
:10CFB800245452494D2C000024524143452C000072
:10CFC8002442454E43482C002443414C494200002A
:10CFD8002453544F500000002454454C2C252E3225
:10CFE800662C252E32662C252E32662C252E32668E
:10CFF8002C25642C25642C25752C252E32660D0ACB
:10D00800000000000000000000000000010203040E
:10D0180006070809000000000102030400061016B4
:10D02800000610162E00494E4600696E66004E41F5
:10D038004E006E616E003000303132333435363791
:10D04800383941424344454600303132333435366D
:10D05800373839616263646566004300504F53494D
:10D068005800496E66696E697479004E614E0052C7
:10D0780045454E54206D616C6C6F63207375636316
:10D088006565646564002F6275696C642F676E75E9
:10D098002D746F6F6C732D666F722D73746D3332D0
:10D0A8005F31342E332E72656C312E323032353189
:10D0B8003032372D303730302F7372632F6E6577EB
:10D0C8006C69622F6E65776C69622F6C6962632F79
:10D0D8007374646C69622F64746F612E63004261BB
:10D0E8006C6C6F6320737563636565646564002F9A
:10D0F8006275696C642F676E752D746F6F6C732D14
:10D10800666F722D73746D33325F31342E332E7225
:10D11800656C312E32303235313032372D30373080
:10D12800302F7372632F6E65776C69622F6E657727
:10D138006C69622F6C6962632F7374646C69622F07
:10D148006764746F612D6765746865782E63002F56
:10D158006275696C642F676E752D746F6F6C732DB3
:10D16800666F722D73746D33325F31342E332E72C5
:10D17800656C312E32303235313032372D30373020
:10D18800302F7372632F6E65776C69622F6E6577C7
:10D198006C69622F6C6962632F7374646C69622FA7
:10D1A8006D707265632E6300232D302B2000686C30
:10D1B8004C00656667454647002C2066756E6374AB
:10D1C800696F6E3A2000617373657274696F6E20BF
:10D1D80022257322206661696C65643A2066696C51
:10D1E8006520222573222C206C696E652025642514
:10D1F8007325730A0000000034000000CEFBFFFF17
:10D20800CB03000001000000000000003500000012
:10D21800CEFBFFFFCB030000010000000000000070
:10D22800BC89D897B2D29C3C33A7A8D523F64939F4
:10D238003DA7F444FD0FA5329D978CCF08BA5B2516
:10D24800436FAC642806681100202020202020208D
:10D25800202028282828282020202020202020209E
:10D2680020202020202020202088101010101010AE
:10D2780010101010101010101004040404040404FA
:10D288000404041010101010101041414141414194
:10D298000101010101010101010101010101010176
:10D2A8000101010110101010101042424242424286
:10D2B8000202020202020202020202020202020246
:10D2C80002020202101010102000000000000000EE
:10D2D8000000000000000000000000000000000046
:10D2E8000000000000000000000000000000000036
:10D2F8000000000000000000000000000000000026
:10D308000000000000000000000000000000000015
:10D318000000000000000000000000000000000005
:10D3280000000000000000000000000000000000F5
:10D3380000000000000000000000000000000000E5
:10D3480000000000000000000000000005000000D0
:10D35800190000007D0000000080E03779C34143D8
:10D36800176E05B5B5B89346F5F93FE9034F384D43
:10D37800321D30F94877825A3CBF737FDD4F1575EF
:10D38800000000000000F03F000000000000244002
:10D3980000000000000059400000000000408F40DD
:10D3A800000000000088C34000000000006AF84048
:10D3B8000000000080842E4100000000D01263416C
:10D3C8000000000084D797410000000065CDCD41E2
:10D3D800000000205FA00242000000E876483742C3
:10D3E800000000A2941A6D42000040E59C30A24261
:10D3F8000000901EC4BCD64200003426F56B0C43D6
:10D408000080E03779C3414300A0D885573476437C
:10D4180000C84E676DC1AB43003D9160E458E143DD
:10D42800408CB5781DAF154450EFE2D6E41A4B4452
:10D4380092D54D06CFF08044F64AE1C7022DB54497
:10D44800B49DD9794378EA4400000080DB0F494055
:10D45800DB0F49C0DB0F49BFE4CB1640E4CB16C055
:10D468006937AC3168212233B40F14336821A233F1
:10D478003863ED3EDA0F493F5E987B3FDA0FC93FCC
:08D48800582DFF7F0100000098
:04D49000C5010008CA
:04D49400A1010008EA
:10D49800D0000000000000000000000000000000B4
:10D4A8000000000000000000000000000000000074
:10D4B80000004041000000000024F40010000000BB
:10D4C80001000000000000000300000050070020D9
:10D4D8004300000000000000000000000000000001
:10D4E8000000000000000000000000000000000034
:10D4F80043000000000000000000000000000000E1
:10D508000000000000000000000000000000000013
:10D5180043000000000000000000000000000000C0
:10D5280000000000000000000000000000000000F3
:10D5380043000000000000000000000000000000A0
:10D5480000000000000000000000000000000000D3
:10D558004300000000000000000000000000000080
:10D5680000000000000000000000000000000000B3
:10D578004300000000000000000000000000000060
:10D588000000000000000000000000000000000093
:10D598004300000000000000000000000000000040
:10D5A8000000000000000000000000000000000073
:10D5B80015C3000869B900080000000050D200082F
:10D5C8002CD00008FCD10008FCD10008FCD10008D0
:10D5D800FCD10008FCD10008FCD10008FCD10008EF
:10D5E800FCD10008FCD10008FFFFFFFFFFFFFFFF91
:10D5F800FFFFFFFFFFFF00000100415343494900BF
:10D608000000000000000000000000000000000012
:10D618000000000000000000000041534349490099
:10D6280000000000000000000000000000000000F2
:10D63800000000000000000000000000B001002011
:10D648000000000050070020B80700202008002034
:10D6580000000000000000000000000000000000C2
:10D6680000000000000000000000000000000000B2
:10D6780000000000000000000000000000000000A2
:0CD6880000000000000000000000000096
:040000050800382D8A
:00000001FF
